,ID,GeneID,geneSymbol,chr,strand,longExonStart_0base,longExonEnd,shortES,shortEE,flankingES,flankingEE,ID.1,IJC_SAMPLE_1,SJC_SAMPLE_1,IJC_SAMPLE_2,SJC_SAMPLE_2,IncFormLen,SkipFormLen,PValue,FDR,IncLevel1,IncLevel2,IncLevelDifference,cell_line,RBP,alt_splice_type
0,3941,ENSG00000090621.13,PABPC4,chr1,-,39562322,39562416,39562322,39562380,39563613,39563741,3941,"92,82","0,0","56,87","1,0",135,99,1.0,1.0,"1.0,1.0","0.976,1.0",0.012,HepG2,FUBP1,A3SS
1,3820,ENSG00000090621.13,PABPC4,chr1,-,39562322,39562416,39562322,39562380,39563613,39563741,3820,"88,100","2,0","45,55","2,0",135,99,0.455053914497,1.0,"0.97,1.0","0.943,1.0",0.013,HepG2,SAFB2,A3SS
2,3825,ENSG00000090621.13,PABPC4,chr1,-,39562322,39562416,39562322,39562380,39563613,39563741,3825,"67,57","0,0","48,88","0,2",135,99,0.833463019751,1.0,"1.0,1.0","1.0,0.97",0.015,HepG2,BOP1,A3SS
3,3898,ENSG00000090621.13,PABPC4,chr1,-,39562322,39562416,39562322,39562380,39563613,39563741,3898,"42,60","2,3","51,75","3,0",135,99,0.236468208499,0.8315707064628782,"0.939,0.936","0.926,1.0",-0.026,HepG2,RAVER1,A3SS
4,3899,ENSG00000090621.13,PABPC4,chr1,-,39569862,39570002,39569862,39569990,39571233,39571349,3899,"188,140","0,0","245,172","1,0",111,99,1.0,1.0,"1.0,1.0","0.995,1.0",0.002,HepG2,RAVER1,A3SS
5,3883,ENSG00000090621.13,PABPC4,chr1,-,39562322,39562416,39562322,39562380,39563613,39563741,3883,"128,141","0,2","86,142","0,0",135,99,1.0,1.0,"1.0,0.981","1.0,1.0",-0.01,HepG2,CPSF7,A3SS
6,3828,ENSG00000090621.13,PABPC4,chr1,-,39562322,39562416,39562322,39562380,39563613,39563741,3828,"70,109","0,1","45,55","2,0",135,99,0.449382760742,1.0,"1.0,0.988","0.943,1.0",0.022,HepG2,PARN,A3SS
7,3921,ENSG00000090621.13,PABPC4,chr1,-,39562322,39562416,39562322,39562380,39563613,39563741,3921,"132,168","1,0","140,265","2,1",135,99,1.0,1.0,"0.99,1.0","0.981,0.995",0.007,HepG2,IGF2BP2,A3SS
8,3866,ENSG00000090621.13,PABPC4,chr1,-,39562322,39562416,39562322,39562380,39563613,39563741,3866,"88,89","3,0","45,55","2,0",135,99,0.844213882583,1.0,"0.956,1.0","0.943,1.0",0.006,HepG2,SMN1,A3SS
9,3922,ENSG00000090621.13,PABPC4,chr1,-,39562322,39562416,39562322,39562380,39563613,39563741,3922,"174,210","0,0","140,265","2,1",135,99,1.0,1.0,"1.0,1.0","0.981,0.995",0.012,HepG2,G3BP2,A3SS
10,3853,ENSG00000090621.13,PABPC4,chr1,-,39562322,39562416,39562322,39562380,39563613,39563741,3853,"64,28","0,1","48,88","0,2",135,99,0.882896841851,1.0,"1.0,0.954","1.0,0.97",-0.008,HepG2,DDX59,A3SS
11,3808,ENSG00000090621.13,PABPC4,chr1,-,39562322,39562416,39562322,39562380,39563613,39563741,3808,"94,48","3,1","36,85","0,0",135,99,0.581466851864,1.0,"0.958,0.972","1.0,1.0",-0.035,HepG2,GEMIN5,A3SS
12,3872,ENSG00000090621.13,PABPC4,chr1,-,39562322,39562416,39562322,39562380,39563613,39563741,3872,"95,37","0,0","35,95","0,3",135,99,0.47887205222,1.0,"1.0,1.0","1.0,0.959",0.02,HepG2,LSM11,A3SS
13,3931,ENSG00000090621.13,PABPC4,chr1,-,39562322,39562416,39562322,39562380,39563613,39563741,3931,"161,154","0,3","175,172","0,1",135,99,1.0,1.0,"1.0,0.974","1.0,0.992",-0.009,HepG2,AKAP8L,A3SS
14,3833,ENSG00000090621.13,PABPC4,chr1,-,39562322,39562416,39562322,39562380,39563613,39563741,3833,"90,83","0,0","54,70","0,1",135,99,1.0,1.0,"1.0,1.0","1.0,0.981",0.01,HepG2,HNRNPA0,A3SS
15,3962,ENSG00000090621.13,PABPC4,chr1,-,39562322,39562416,39562322,39562380,39563613,39563741,3962,"189,225","0,0","175,172","0,1",135,99,1.0,1.0,"1.0,1.0","1.0,0.992",0.004,HepG2,CKAP4,A3SS
16,3885,ENSG00000090621.13,PABPC4,chr1,-,39562322,39562416,39562322,39562380,39563613,39563741,3885,"174,135","1,1","83,138","2,2",135,99,0.581722669219,1.0,"0.992,0.99","0.968,0.981",0.017,HepG2,SUGP2,A3SS
17,3815,ENSG00000090621.13,PABPC4,chr1,-,39562322,39562416,39562322,39562380,39563613,39563741,3815,"86,68","5,0","9,3","0,0",135,99,0.11679811773,0.4602873190426676,"0.927,1.0","1.0,1.0",-0.036,HepG2,SF1,A3SS
18,3848,ENSG00000090621.13,PABPC4,chr1,-,39562322,39562416,39562322,39562380,39563613,39563741,3848,"43,75","0,2","82,68","0,0",135,99,0.579728728461,1.0,"1.0,0.965","1.0,1.0",-0.018,HepG2,DDX21,A3SS
19,3937,ENSG00000090621.13,PABPC4,chr1,-,39562322,39562416,39562322,39562380,39563613,39563741,3937,"116,179","1,1","152,71","1,1",135,99,1.0,1.0,"0.988,0.992","0.991,0.981",0.004,HepG2,NOL12,A3SS
20,3890,ENSG00000090621.13,PABPC4,chr1,-,39562322,39562416,39562322,39562380,39563613,39563741,3890,"61,79","1,3","152,71","1,1",135,99,0.353247067577,1.0,"0.978,0.951","0.991,0.981",-0.022,HepG2,EIF4G1,A3SS
21,3820,ENSG00000090621.13,PABPC4,chr1,-,39562322,39562416,39562322,39562380,39563613,39563741,3820,"38,112","1,0","9,3","0,0",135,99,1.0,1.0,"0.965,1.0","1.0,1.0",-0.018,HepG2,RBM17,A3SS
22,3887,ENSG00000090621.13,PABPC4,chr1,-,39562322,39562416,39562322,39562380,39563613,39563741,3887,"99,124","2,1","152,71","1,1",135,99,0.568272648032,1.0,"0.973,0.989","0.991,0.981",-0.005,HepG2,EIF4G2,A3SS
23,3910,ENSG00000090621.13,PABPC4,chr1,-,39562322,39562416,39562322,39562380,39563613,39563741,3910,"65,92","0,0","83,138","2,2",135,99,0.58488418565,1.0,"1.0,1.0","0.968,0.981",0.026,HepG2,KRR1,A3SS
24,3828,ENSG00000090621.13,PABPC4,chr1,-,39562322,39562416,39562322,39562380,39563613,39563741,3828,"104,120","1,0","54,70","0,1",135,99,1.0,1.0,"0.987,1.0","1.0,0.981",0.003,HepG2,HNRNPAB,A3SS
25,3824,ENSG00000090621.13,PABPC4,chr1,-,39562322,39562416,39562322,39562380,39563613,39563741,3824,"39,42","0,1","48,88","0,2",135,99,0.845686178802,1.0,"1.0,0.969","1.0,0.97",-0.001,HepG2,HNRNPLL,A3SS
26,3906,ENSG00000090621.13,PABPC4,chr1,-,39562322,39562416,39562322,39562380,39563613,39563741,3906,"150,83","1,0","96,156","2,0",135,99,1.0,1.0,"0.991,1.0","0.972,1.0",0.01,HepG2,BCLAF1,A3SS
27,3904,ENSG00000090621.13,PABPC4,chr1,-,39562322,39562416,39562322,39562380,39563613,39563741,3904,"115,133","0,4","144,124","0,1",135,99,0.552785694872,1.0,"1.0,0.961","1.0,0.989",-0.014,HepG2,ZNF622,A3SS
28,3851,ENSG00000090621.13,PABPC4,chr1,-,39562322,39562416,39562322,39562380,39563613,39563741,3851,"40,65","0,1","82,68","0,0",135,99,1.0,1.0,"1.0,0.979","1.0,1.0",-0.01,HepG2,AGO1,A3SS
29,3930,ENSG00000090621.13,PABPC4,chr1,-,39562322,39562416,39562322,39562380,39563613,39563741,3930,"121,165","1,0","175,172","0,1",135,99,1.0,1.0,"0.989,1.0","1.0,0.992",-0.002,HepG2,PES1,A3SS
30,3894,ENSG00000090621.13,PABPC4,chr1,-,39562322,39562416,39562322,39562380,39563613,39563741,3894,"228,188","1,1","140,265","2,1",135,99,1.0,1.0,"0.994,0.993","0.981,0.995",0.006,HepG2,KHSRP,A3SS
31,3814,ENSG00000090621.13,PABPC4,chr1,-,39562322,39562416,39562322,39562380,39563613,39563741,3814,"64,87","1,1","45,55","2,0",135,99,0.467574497134,1.0,"0.979,0.985","0.943,1.0",0.01,HepG2,ADAR,A3SS
32,3813,ENSG00000090621.13,PABPC4,chr1,-,39562322,39562416,39562322,39562380,39563613,39563741,3813,"12,7","0,0","56,87","1,0",135,99,1.0,1.0,"1.0,1.0","0.976,1.0",0.012,HepG2,YTHDC2,A3SS
33,3899,ENSG00000090621.13,PABPC4,chr1,-,39562322,39562416,39562322,39562380,39563613,39563741,3899,"179,130","0,0","35,95","0,3",135,99,0.478883310607,1.0,"1.0,1.0","1.0,0.959",0.02,HepG2,RPS5,A3SS
34,3861,ENSG00000090621.13,PABPC4,chr1,-,39562322,39562416,39562322,39562380,39563613,39563741,3861,"51,56","0,1","48,88","0,2",135,99,0.829907917818,1.0,"1.0,0.976","1.0,0.97",0.003,HepG2,SNRNP70,A3SS
35,3961,ENSG00000090621.13,PABPC4,chr1,-,39562322,39562416,39562322,39562380,39563613,39563741,3961,"210,180","0,0","152,71","1,1",135,99,1.0,1.0,"1.0,1.0","0.991,0.981",0.014,HepG2,PUM1,A3SS
36,3826,ENSG00000090621.13,PABPC4,chr1,-,39562322,39562416,39562322,39562380,39563613,39563741,3826,"36,20","0,0","97,62","3,1",135,99,0.75437691432,1.0,"1.0,1.0","0.96,0.978",0.031,HepG2,CALR,A3SS
37,4096,ENSG00000090621.13,PABPC4,chr1,-,39562322,39562416,39562322,39562380,39563613,39563741,4096,"266,128","1,0","235,343","2,2",135,99,1.0,1.0,"0.995,1.0","0.989,0.992",0.007,HepG2,ETF1,A3SS
38,3974,ENSG00000090621.13,PABPC4,chr1,-,39562322,39562416,39562322,39562380,39563613,39563741,3974,"156,90","0,1","96,156","2,0",135,99,1.0,1.0,"1.0,0.985","0.972,1.0",0.006,HepG2,SUPV3L1,A3SS
39,3820,ENSG00000090621.13,PABPC4,chr1,-,39562322,39562416,39562322,39562380,39563613,39563741,3820,"73,66","2,1","45,55","2,0",135,99,0.63591090639,1.0,"0.964,0.98","0.943,1.0",0.0,HepG2,DDX1,A3SS
40,3851,ENSG00000090621.13,PABPC4,chr1,-,39562322,39562416,39562322,39562380,39563613,39563741,3851,"140,168","1,2","54,70","0,1",135,99,1.0,1.0,"0.99,0.984","1.0,0.981",-0.003,HepG2,SBDS,A3SS
41,3911,ENSG00000090621.13,PABPC4,chr1,-,39562322,39562416,39562322,39562380,39563613,39563741,3911,"156,133","4,0","35,95","0,3",135,99,0.929893012769,1.0,"0.966,1.0","1.0,0.959",0.003,HepG2,LIN28B,A3SS
42,3844,ENSG00000090621.13,PABPC4,chr1,-,39562322,39562416,39562322,39562380,39563613,39563741,3844,"50,75","0,0","51,75","3,0",135,99,0.525766655813,1.0,"1.0,1.0","0.926,1.0",0.037,HepG2,RBM34,A3SS
43,3845,ENSG00000090621.13,PABPC4,chr1,-,39569862,39570002,39569862,39569990,39571233,39571349,3845,"225,158","0,0","245,172","1,0",111,99,1.0,1.0,"1.0,1.0","0.995,1.0",0.002,HepG2,RBM34,A3SS
44,3929,ENSG00000090621.13,PABPC4,chr1,-,39562322,39562416,39562322,39562380,39563613,39563741,3929,"53,80","0,0","45,55","2,0",135,99,0.449677814067,1.0,"1.0,1.0","0.943,1.0",0.028,HepG2,HNRNPC,A3SS
45,3868,ENSG00000090621.13,PABPC4,chr1,-,39562322,39562416,39562322,39562380,39563613,39563741,3868,"42,106","0,2","56,87","1,0",135,99,1.0,1.0,"1.0,0.975","0.976,1.0",-0.0,HepG2,XPO1,A3SS
46,3747,ENSG00000090621.13,PABPC4,chr1,-,39562322,39562416,39562322,39562380,39563613,39563741,3747,"44,72","0,1","94,60","0,1",135,99,1.0,1.0,"1.0,0.981","1.0,0.978",0.001,HepG2,ZC3H8,A3SS
47,3900,ENSG00000090621.13,PABPC4,chr1,-,39562322,39562416,39562322,39562380,39563613,39563741,3900,"87,47","0,1","96,156","2,0",135,99,1.0,1.0,"1.0,0.972","0.972,1.0",0.0,HepG2,PRPF8,A3SS
48,3932,ENSG00000090621.13,PABPC4,chr1,-,39562322,39562416,39562322,39562380,39563613,39563741,3932,"189,257","0,2","35,95","0,3",135,99,0.485678096376,1.0,"1.0,0.989","1.0,0.959",0.015,HepG2,RBM27,A3SS
49,3877,ENSG00000090621.13,PABPC4,chr1,-,39562322,39562416,39562322,39562380,39563613,39563741,3877,"102,45","0,1","96,156","2,0",135,99,1.0,1.0,"1.0,0.971","0.972,1.0",-0.0,HepG2,TFIP11,A3SS
50,3925,ENSG00000090621.13,PABPC4,chr1,-,39562322,39562416,39562322,39562380,39563613,39563741,3925,"150,188","0,0","175,172","0,1",135,99,1.0,1.0,"1.0,1.0","1.0,0.992",0.004,HepG2,DDX19B,A3SS
51,3957,ENSG00000090621.13,PABPC4,chr1,-,39562322,39562416,39562322,39562380,39563613,39563741,3957,"125,147","0,2","96,156","2,0",135,99,1.0,1.0,"1.0,0.982","0.972,1.0",0.005,HepG2,DDX55,A3SS
52,3810,ENSG00000090621.13,PABPC4,chr1,-,39562322,39562416,39562322,39562380,39563613,39563741,3810,"65,55","2,0","9,3","0,0",135,99,0.600499557487,1.0,"0.96,1.0","1.0,1.0",-0.02,HepG2,NUFIP2,A3SS
53,3967,ENSG00000090621.13,PABPC4,chr1,-,39562322,39562416,39562322,39562380,39563613,39563741,3967,"147,202","1,1","152,71","1,1",135,99,1.0,1.0,"0.991,0.993","0.991,0.981",0.006,HepG2,PUM2,A3SS
54,3850,ENSG00000090621.13,PABPC4,chr1,-,39562322,39562416,39562322,39562380,39563613,39563741,3850,"180,192","1,0","54,70","0,1",135,99,1.0,1.0,"0.992,1.0","1.0,0.981",0.006,HepG2,SART3,A3SS
55,3952,ENSG00000090621.13,PABPC4,chr1,-,39562322,39562416,39562322,39562380,39563613,39563741,3952,"246,241","1,6","96,156","2,0",135,99,0.438661623969,1.0,"0.994,0.967","0.972,1.0",-0.006,HepG2,XRN2,A3SS
56,4115,ENSG00000090621.13,PABPC4,chr1,-,39562322,39562416,39562322,39562380,39563613,39563741,4115,"242,154","0,0","235,343","2,2",135,99,1.0,1.0,"1.0,1.0","0.989,0.992",0.01,HepG2,SRFBP1,A3SS
57,3844,ENSG00000090621.13,PABPC4,chr1,-,39562322,39562416,39562322,39562380,39563613,39563741,3844,"158,113","0,0","54,70","0,1",135,99,1.0,1.0,"1.0,1.0","1.0,0.981",0.01,HepG2,STIP1,A3SS
58,3951,ENSG00000090621.13,PABPC4,chr1,-,39562322,39562416,39562322,39562380,39563613,39563741,3951,"150,114","2,2","96,156","2,0",135,99,0.587985486942,1.0,"0.982,0.977","0.972,1.0",-0.006,HepG2,NONO,A3SS
59,3912,ENSG00000090621.13,PABPC4,chr1,-,39562322,39562416,39562322,39562380,39563613,39563741,3912,"134,102","0,1","152,71","1,1",135,99,1.0,1.0,"1.0,0.987","0.991,0.981",0.008,HepG2,FMR1,A3SS
60,3895,ENSG00000090621.13,PABPC4,chr1,-,39562322,39562416,39562322,39562380,39563613,39563741,3895,"71,135","1,1","35,95","0,3",135,99,0.592405322551,1.0,"0.981,0.99","1.0,0.959",0.006,HepG2,RPL23A,A3SS
61,3842,ENSG00000090621.13,PABPC4,chr1,-,39562322,39562416,39562322,39562380,39563613,39563741,3842,"41,44","0,0","48,88","0,2",135,99,0.837016004841,1.0,"1.0,1.0","1.0,0.97",0.015,HepG2,GPKOW,A3SS
62,3873,ENSG00000090621.13,PABPC4,chr1,-,39562322,39562416,39562322,39562380,39563613,39563741,3873,"66,91","0,1","35,95","0,3",135,99,0.537167999384,1.0,"1.0,0.985","1.0,0.959",0.013,HepG2,GNB2L1,A3SS
63,3916,ENSG00000090621.13,PABPC4,chr1,-,39562322,39562416,39562322,39562380,39563613,39563741,3916,"208,136","0,1","90,153","0,2",135,99,1.0,1.0,"1.0,0.99","1.0,0.982",0.004,HepG2,LARP4,A3SS
64,3841,ENSG00000090621.13,PABPC4,chr1,-,39562322,39562416,39562322,39562380,39563613,39563741,3841,"30,17","1,0","51,75","3,0",135,99,0.745178334745,1.0,"0.957,1.0","0.926,1.0",0.015,HepG2,HLTF,A3SS
65,3842,ENSG00000090621.13,PABPC4,chr1,-,39569862,39570002,39569862,39569990,39571233,39571349,3842,"256,198","0,0","245,172","1,0",111,99,1.0,1.0,"1.0,1.0","0.995,1.0",0.002,HepG2,HLTF,A3SS
66,3950,ENSG00000090621.13,PABPC4,chr1,-,39562322,39562416,39562322,39562380,39563613,39563741,3950,"129,130","0,0","152,71","1,1",135,99,1.0,1.0,"1.0,1.0","0.991,0.981",0.014,HepG2,PUF60,A3SS
67,3939,ENSG00000090621.13,PABPC4,chr1,-,39562322,39562416,39562322,39562380,39563613,39563741,3939,"169,181","0,0","140,265","2,1",135,99,1.0,1.0,"1.0,1.0","0.981,0.995",0.012,HepG2,AKAP1,A3SS
68,3864,ENSG00000090621.13,PABPC4,chr1,-,39562322,39562416,39562322,39562380,39563613,39563741,3864,"82,109","0,2","48,88","0,2",135,99,0.858261382385,1.0,"1.0,0.976","1.0,0.97",0.003,HepG2,SRSF3,A3SS
69,3860,ENSG00000090621.13,PABPC4,chr1,-,39562322,39562416,39562322,39562380,39563613,39563741,3860,"68,92","1,1","86,142","0,0",135,99,1.0,1.0,"0.98,0.985","1.0,1.0",-0.018,HepG2,SUPT6H,A3SS
70,3913,ENSG00000090621.13,PABPC4,chr1,-,39562322,39562416,39562322,39562380,39563613,39563741,3913,"126,181","3,0","96,156","2,0",135,99,1.0,1.0,"0.969,1.0","0.972,1.0",-0.002,HepG2,SRP68,A3SS
71,3914,ENSG00000090621.13,PABPC4,chr1,-,39569862,39570002,39569862,39569990,39571233,39571349,3914,"325,278","0,1","267,249","0,0",111,99,1.0,1.0,"1.0,0.996","1.0,1.0",-0.002,HepG2,SRP68,A3SS
72,3869,ENSG00000090621.13,PABPC4,chr1,-,39562322,39562416,39562322,39562380,39563613,39563741,3869,"62,100","0,0","54,70","0,1",135,99,1.0,1.0,"1.0,1.0","1.0,0.981",0.01,HepG2,PABPC1,A3SS
73,3909,ENSG00000090621.13,PABPC4,chr1,-,39562322,39562416,39562322,39562380,39563613,39563741,3909,"167,169","0,0","140,265","2,1",135,99,1.0,1.0,"1.0,1.0","0.981,0.995",0.012,HepG2,G3BP1,A3SS
74,3889,ENSG00000090621.13,PABPC4,chr1,-,39562322,39562416,39562322,39562380,39563613,39563741,3889,"25,15","0,0","140,265","2,1",135,99,1.0,1.0,"1.0,1.0","0.981,0.995",0.012,HepG2,PABPC4,A3SS
75,3850,ENSG00000090621.13,PABPC4,chr1,-,39562322,39562416,39562322,39562380,39563613,39563741,3850,"59,90","0,0","35,95","0,3",135,99,0.479275687471,1.0,"1.0,1.0","1.0,0.959",0.02,HepG2,MARK2,A3SS
76,3934,ENSG00000090621.13,PABPC4,chr1,-,39562322,39562416,39562322,39562380,39563613,39563741,3934,"133,168","0,0","152,71","1,1",135,99,1.0,1.0,"1.0,1.0","0.991,0.981",0.014,HepG2,HNRNPL,A3SS
77,3895,ENSG00000090621.13,PABPC4,chr1,-,39562322,39562416,39562322,39562380,39563613,39563741,3895,"143,121","0,0","140,265","2,1",135,99,1.0,1.0,"1.0,1.0","0.981,0.995",0.012,HepG2,CIRBP,A3SS
78,3860,ENSG00000090621.13,PABPC4,chr1,-,39562322,39562416,39562322,39562380,39563613,39563741,3860,"221,99","0,0","140,265","2,1",135,99,1.0,1.0,"1.0,1.0","0.981,0.995",0.012,HepG2,IGF2BP3,A3SS
79,3843,ENSG00000090621.13,PABPC4,chr1,-,39562322,39562416,39562322,39562380,39563613,39563741,3843,"110,85","1,1","51,75","3,0",135,99,0.537693005141,1.0,"0.988,0.984","0.926,1.0",0.023,HepG2,SND1,A3SS
80,3844,ENSG00000090621.13,PABPC4,chr1,-,39569862,39570002,39569862,39569990,39571233,39571349,3844,"141,127","0,0","245,172","1,0",111,99,1.0,1.0,"1.0,1.0","0.995,1.0",0.002,HepG2,SND1,A3SS
81,3837,ENSG00000090621.13,PABPC4,chr1,-,39562322,39562416,39562322,39562380,39563613,39563741,3837,"66,54","1,0","35,95","0,3",135,99,0.586197607275,1.0,"0.98,1.0","1.0,0.959",0.01,HepG2,CCAR2,A3SS
82,3853,ENSG00000090621.13,PABPC4,chr1,-,39562322,39562416,39562322,39562380,39563613,39563741,3853,"65,55","0,0","56,87","1,0",135,99,1.0,1.0,"1.0,1.0","0.976,1.0",0.012,HepG2,YWHAG,A3SS
83,3930,ENSG00000090621.13,PABPC4,chr1,-,39562322,39562416,39562322,39562380,39563613,39563741,3930,"112,136","1,0","175,172","0,1",135,99,1.0,1.0,"0.988,1.0","1.0,0.992",-0.002,HepG2,PUS1,A3SS
84,3786,ENSG00000090621.13,PABPC4,chr1,-,39562322,39562416,39562322,39562380,39563613,39563741,3786,"16,49","0,0","48,88","0,2",135,99,0.833463019752,1.0,"1.0,1.0","1.0,0.97",0.015,HepG2,FTO,A3SS
85,3849,ENSG00000090621.13,PABPC4,chr1,-,39562322,39562416,39562322,39562380,39563613,39563741,3849,"146,95","1,1","54,70","0,1",135,99,1.0,1.0,"0.991,0.986","1.0,0.981",-0.002,HepG2,PNPT1,A3SS
86,3883,ENSG00000090621.13,PABPC4,chr1,-,39562322,39562416,39562322,39562380,39563613,39563741,3883,"306,271","0,0","140,265","2,1",135,99,1.0,1.0,"1.0,1.0","0.981,0.995",0.012,HepG2,HNRNPK,A3SS
87,3921,ENSG00000090621.13,PABPC4,chr1,-,39562322,39562416,39562322,39562380,39563613,39563741,3921,"60,154","0,0","96,156","2,0",135,99,1.0,1.0,"1.0,1.0","0.972,1.0",0.014,HepG2,DDX27,A3SS
88,3870,ENSG00000090621.13,PABPC4,chr1,-,39562322,39562416,39562322,39562380,39563613,39563741,3870,"198,190","0,0","140,265","2,1",135,99,1.0,1.0,"1.0,1.0","0.981,0.995",0.012,HepG2,ASCC1,A3SS
89,3964,ENSG00000090621.13,PABPC4,chr1,-,39562322,39562416,39562322,39562380,39563613,39563741,3964,"264,212","1,3","96,156","2,0",135,99,1.0,1.0,"0.995,0.981","0.972,1.0",0.002,HepG2,BCCIP,A3SS
90,3814,ENSG00000090621.13,PABPC4,chr1,-,39562322,39562416,39562322,39562380,39563613,39563741,3814,"58,30","2,0","48,88","0,2",135,99,0.525057777432,1.0,"0.955,1.0","1.0,0.97",-0.007,HepG2,MTPAP,A3SS
91,3811,ENSG00000090621.13,PABPC4,chr1,-,39562322,39562416,39562322,39562380,39563613,39563741,3811,"74,57","2,1","36,85","0,0",135,99,0.429296897255,1.0,"0.964,0.977","1.0,1.0",-0.03,HepG2,PA2G4,A3SS
92,4014,ENSG00000090621.13,PABPC4,chr1,-,39562322,39562416,39562322,39562380,39563613,39563741,4014,"264,164","0,0","235,343","2,2",135,99,1.0,1.0,"1.0,1.0","0.989,0.992",0.01,HepG2,RBM22,A3SS
93,3850,ENSG00000090621.13,PABPC4,chr1,-,39562322,39562416,39562322,39562380,39563613,39563741,3850,"191,181","0,1","45,55","2,0",135,99,0.449001242914,1.0,"1.0,0.993","0.943,1.0",0.025,HepG2,TRIM56,A3SS
94,4020,ENSG00000090621.13,PABPC4,chr1,-,39562322,39562416,39562322,39562380,39563613,39563741,4020,"156,223","0,1","235,343","2,2",135,99,1.0,1.0,"1.0,0.994","0.989,0.992",0.007,HepG2,AUH,A3SS
95,3824,ENSG00000090621.13,PABPC4,chr1,-,39562322,39562416,39562322,39562380,39563613,39563741,3824,"51,44","0,1","51,75","3,0",135,99,0.607859011101,1.0,"1.0,0.97","0.926,1.0",0.022,HepG2,SUB1,A3SS
96,3825,ENSG00000090621.13,PABPC4,chr1,-,39569862,39570002,39569862,39569990,39571233,39571349,3825,"220,109","0,0","245,172","1,0",111,99,1.0,1.0,"1.0,1.0","0.995,1.0",0.002,HepG2,SUB1,A3SS
97,3870,ENSG00000090621.13,PABPC4,chr1,-,39562322,39562416,39562322,39562380,39563613,39563741,3870,"110,47","1,0","35,95","0,3",135,99,0.509083726741,1.0,"0.988,1.0","1.0,0.959",0.014,HepG2,PHF6,A3SS
98,3940,ENSG00000090621.13,PABPC4,chr1,-,39562322,39562416,39562322,39562380,39563613,39563741,3940,"140,194","1,0","96,156","2,0",135,99,1.0,1.0,"0.99,1.0","0.972,1.0",0.009,HepG2,AARS,A3SS
99,3916,ENSG00000090621.13,PABPC4,chr1,-,39562322,39562416,39562322,39562380,39563613,39563741,3916,"174,274","1,1","140,265","2,1",135,99,1.0,1.0,"0.992,0.995","0.981,0.995",0.006,HepG2,EIF4B,A3SS
100,4035,ENSG00000090621.13,PABPC4,chr1,-,39562322,39562416,39562322,39562380,39563613,39563741,4035,"123,93","0,1","140,265","2,1",135,99,1.0,1.0,"1.0,0.986","0.981,0.995",0.005,HepG2,EIF4A3,A3SS
101,3927,ENSG00000090621.13,PABPC4,chr1,-,39562322,39562416,39562322,39562380,39563613,39563741,3927,"102,195","0,0","152,71","1,1",135,99,1.0,1.0,"1.0,1.0","0.991,0.981",0.014,HepG2,UBE2L3,A3SS
102,3852,ENSG00000090621.13,PABPC4,chr1,-,39562322,39562416,39562322,39562380,39563613,39563741,3852,"47,41","1,2","51,75","3,0",135,99,0.801690962638,1.0,"0.972,0.938","0.926,1.0",-0.008,HepG2,RTF1,A3SS
103,3853,ENSG00000090621.13,PABPC4,chr1,-,39569862,39570002,39569862,39569990,39571233,39571349,3853,"242,164","0,0","245,172","1,0",111,99,1.0,1.0,"1.0,1.0","0.995,1.0",0.002,HepG2,RTF1,A3SS
104,3895,ENSG00000090621.13,PABPC4,chr1,-,39562322,39562416,39562322,39562380,39563613,39563741,3895,"121,129","1,0","86,142","0,0",135,99,1.0,1.0,"0.989,1.0","1.0,1.0",-0.006,HepG2,ESF1,A3SS
105,3890,ENSG00000090621.13,PABPC4,chr1,-,39562322,39562416,39562322,39562380,39563613,39563741,3890,"124,189","1,0","83,138","2,2",135,99,0.583488643089,1.0,"0.989,1.0","0.968,0.981",0.02,HepG2,NKRF,A3SS
106,3905,ENSG00000090621.13,PABPC4,chr1,-,39562322,39562416,39562322,39562380,39563613,39563741,3905,"116,128","0,1","35,95","0,3",135,99,0.486117892587,1.0,"1.0,0.989","1.0,0.959",0.015,HepG2,RPS2,A3SS
107,4060,ENSG00000090621.13,PABPC4,chr1,-,39562322,39562416,39562322,39562380,39563613,39563741,4060,"240,123","1,0","144,124","0,1",135,99,1.0,1.0,"0.994,1.0","1.0,0.989",0.003,HepG2,SF3A3,A3SS
108,3858,ENSG00000090621.13,PABPC4,chr1,-,39562322,39562416,39562322,39562380,39563613,39563741,3858,"104,104","1,2","51,75","3,0",135,99,0.735649787608,1.0,"0.987,0.974","0.926,1.0",0.017,HepG2,FUS,A3SS
109,3859,ENSG00000090621.13,PABPC4,chr1,-,39569862,39570002,39569862,39569990,39571233,39571349,3859,"215,169","0,0","245,172","1,0",111,99,1.0,1.0,"1.0,1.0","0.995,1.0",0.002,HepG2,FUS,A3SS
110,3865,ENSG00000090621.13,PABPC4,chr1,-,39562322,39562416,39562322,39562380,39563613,39563741,3865,"126,88","0,0","56,87","1,0",135,99,1.0,1.0,"1.0,1.0","0.976,1.0",0.012,HepG2,ABT1,A3SS
111,3863,ENSG00000090621.13,PABPC4,chr1,-,39562322,39562416,39562322,39562380,39563613,39563741,3863,"114,123","0,0","54,70","0,1",135,99,1.0,1.0,"1.0,1.0","1.0,0.981",0.01,HepG2,ILF3,A3SS
112,3870,ENSG00000090621.13,PABPC4,chr1,-,39562322,39562416,39562322,39562380,39563613,39563741,3870,"109,103","0,1","96,156","2,0",135,99,1.0,1.0,"1.0,0.987","0.972,1.0",0.008,HepG2,UCHL5,A3SS
113,3912,ENSG00000090621.13,PABPC4,chr1,-,39562322,39562416,39562322,39562380,39563613,39563741,3912,"77,87","0,1","152,71","1,1",135,99,1.0,1.0,"1.0,0.985","0.991,0.981",0.006,HepG2,DAZAP1,A3SS
114,3891,ENSG00000090621.13,PABPC4,chr1,-,39562322,39562416,39562322,39562380,39563613,39563741,3891,"118,94","1,2","86,142","0,0",135,99,0.534996323928,1.0,"0.989,0.972","1.0,1.0",-0.02,HepG2,MSI2,A3SS
115,3825,ENSG00000090621.13,PABPC4,chr1,-,39562322,39562416,39562322,39562380,39563613,39563741,3825,"70,88","0,0","45,55","2,0",135,99,0.449001242914,1.0,"1.0,1.0","0.943,1.0",0.028,HepG2,DNAJC21,A3SS
116,3838,ENSG00000090621.13,PABPC4,chr1,-,39562322,39562416,39562322,39562380,39563613,39563741,3838,"52,77","3,0","51,75","3,0",135,99,1.0,1.0,"0.927,1.0","0.926,1.0",0.0,HepG2,RPS10,A3SS
117,3839,ENSG00000090621.13,PABPC4,chr1,-,39569862,39570002,39569862,39569990,39571233,39571349,3839,"106,108","0,0","245,172","1,0",111,99,1.0,1.0,"1.0,1.0","0.995,1.0",0.002,HepG2,RPS10,A3SS
118,3859,ENSG00000090621.13,PABPC4,chr1,-,39562322,39562416,39562322,39562380,39563613,39563741,3859,"99,95","0,2","36,85","0,0",135,99,1.0,1.0,"1.0,0.972","1.0,1.0",-0.014,HepG2,RPS19,A3SS
119,3865,ENSG00000090621.13,PABPC4,chr1,-,39562322,39562416,39562322,39562380,39563613,39563741,3865,"45,59","0,3","45,55","2,0",135,99,0.553675465571,1.0,"1.0,0.935","0.943,1.0",-0.004,HepG2,TIAL1,A3SS
120,3891,ENSG00000090621.13,PABPC4,chr1,-,39562322,39562416,39562322,39562380,39563613,39563741,3891,"89,36","0,1","194,150","0,0",135,99,1.0,1.0,"1.0,0.964","1.0,1.0",-0.018,HepG2,TAF15,A3SS
121,3929,ENSG00000090621.13,PABPC4,chr1,-,39562322,39562416,39562322,39562380,39563613,39563741,3929,"166,222","1,0","140,265","2,1",135,99,1.0,1.0,"0.992,1.0","0.981,0.995",0.008,HepG2,MATR3,A3SS
122,3956,ENSG00000090621.13,PABPC4,chr1,-,39562322,39562416,39562322,39562380,39563613,39563741,3956,"90,76","0,0","56,87","1,0",135,99,1.0,1.0,"1.0,1.0","0.976,1.0",0.012,HepG2,AQR,A3SS
123,3859,ENSG00000090621.13,PABPC4,chr1,-,39562322,39562416,39562322,39562380,39563613,39563741,3859,"65,87","0,0","54,70","0,1",135,99,1.0,1.0,"1.0,1.0","1.0,0.981",0.01,HepG2,GRSF1,A3SS
124,3861,ENSG00000090621.13,PABPC4,chr1,-,39562322,39562416,39562322,39562380,39563613,39563741,3861,"143,114","0,0","54,70","0,1",135,99,1.0,1.0,"1.0,1.0","1.0,0.981",0.01,HepG2,KHDRBS1,A3SS
125,3890,ENSG00000090621.13,PABPC4,chr1,-,39562322,39562416,39562322,39562380,39563613,39563741,3890,"262,135","2,0","86,142","0,0",135,99,1.0,1.0,"0.99,1.0","1.0,1.0",-0.005,HepG2,ATP5C1,A3SS
126,3848,ENSG00000090621.13,PABPC4,chr1,-,39562322,39562416,39562322,39562380,39563613,39563741,3848,"150,132","0,0","54,70","0,1",135,99,1.0,1.0,"1.0,1.0","1.0,0.981",0.01,HepG2,RBM47,A3SS
127,4053,ENSG00000090621.13,PABPC4,chr1,-,39562322,39562416,39562322,39562380,39563613,39563741,4053,"182,118","0,0","140,265","2,1",135,99,1.0,1.0,"1.0,1.0","0.981,0.995",0.012,HepG2,MAGOH,A3SS
128,4058,ENSG00000090621.13,PABPC4,chr1,-,39562322,39562416,39562322,39562380,39563613,39563741,4058,"135,120","0,0","235,343","2,2",135,99,1.0,1.0,"1.0,1.0","0.989,0.992",0.01,HepG2,SSB,A3SS
129,3860,ENSG00000090621.13,PABPC4,chr1,-,39562322,39562416,39562322,39562380,39563613,39563741,3860,"60,50","0,0","48,88","0,2",135,99,0.833463019752,1.0,"1.0,1.0","1.0,0.97",0.015,HepG2,SF3B1,A3SS
130,3942,ENSG00000090621.13,PABPC4,chr1,-,39562322,39562416,39562322,39562380,39563613,39563741,3942,"102,259","0,1","86,142","0,0",135,99,1.0,1.0,"1.0,0.995","1.0,1.0",-0.002,HepG2,FIP1L1,A3SS
131,3872,ENSG00000090621.13,PABPC4,chr1,-,39562322,39562416,39562322,39562380,39563613,39563741,3872,"109,88","0,0","54,70","0,1",135,99,1.0,1.0,"1.0,1.0","1.0,0.981",0.01,HepG2,CNOT7,A3SS
132,3882,ENSG00000090621.13,PABPC4,chr1,-,39562322,39562416,39562322,39562380,39563613,39563741,3882,"95,122","3,0","141,131","0,0",135,99,0.558204770652,1.0,"0.959,1.0","1.0,1.0",-0.02,HepG2,DDX5,A3SS
133,3761,ENSG00000090621.13,PABPC4,chr1,-,39562322,39562416,39562322,39562380,39563613,39563741,3761,"13,13","0,1","9,3","0,0",135,99,1.0,1.0,"1.0,0.905","1.0,1.0",-0.047,HepG2,HNRNPUL1,A3SS
134,3907,ENSG00000090621.13,PABPC4,chr1,-,39562322,39562416,39562322,39562380,39563613,39563741,3907,"118,118","1,2","175,172","0,1",135,99,0.613641673817,1.0,"0.989,0.977","1.0,0.992",-0.013,HepG2,DKC1,A3SS
135,3732,ENSG00000090621.13,PABPC4,chr1,-,39562322,39562416,39562322,39562380,39563613,39563741,3732,"65,46","0,1","94,60","0,1",135,99,1.0,1.0,"1.0,0.971","1.0,0.978",-0.003,HepG2,PRPF4,A3SS
136,3872,ENSG00000090621.13,PABPC4,chr1,-,39562322,39562416,39562322,39562380,39563613,39563741,3872,"115,88","1,2","83,138","2,2",135,99,0.671882720474,1.0,"0.988,0.97","0.968,0.981",0.005,HepG2,AKAP8,A3SS
137,3919,ENSG00000090621.13,PABPC4,chr1,-,39562322,39562416,39562322,39562380,39563613,39563741,3919,"214,262","0,1","194,150","0,0",135,99,1.0,1.0,"1.0,0.995","1.0,1.0",-0.002,HepG2,RECQL,A3SS
138,3855,ENSG00000090621.13,PABPC4,chr1,-,39562322,39562416,39562322,39562380,39563613,39563741,3855,"103,40","0,1","56,87","1,0",135,99,1.0,1.0,"1.0,0.967","0.976,1.0",-0.004,HepG2,WDR3,A3SS
139,3916,ENSG00000090621.13,PABPC4,chr1,-,39562322,39562416,39562322,39562380,39563613,39563741,3916,"112,103","1,0","152,71","1,1",135,99,1.0,1.0,"0.988,1.0","0.991,0.981",0.008,HepG2,CELF1,A3SS
140,3871,ENSG00000090621.13,PABPC4,chr1,-,39562322,39562416,39562322,39562380,39563613,39563741,3871,"138,63","1,1","36,85","0,0",135,99,1.0,1.0,"0.99,0.979","1.0,1.0",-0.016,HepG2,EIF3D,A3SS
141,3860,ENSG00000090621.13,PABPC4,chr1,-,39562322,39562416,39562322,39562380,39563613,39563741,3860,"99,93","0,0","35,95","0,3",135,99,0.480800430699,1.0,"1.0,1.0","1.0,0.959",0.02,HepG2,NIP7,A3SS
142,3923,ENSG00000090621.13,PABPC4,chr1,-,39562322,39562416,39562322,39562380,39563613,39563741,3923,"169,144","0,1","83,138","2,2",135,99,0.583317269033,1.0,"1.0,0.991","0.968,0.981",0.021,HepG2,HSPD1,A3SS
143,3932,ENSG00000090621.13,PABPC4,chr1,-,39562322,39562416,39562322,39562380,39563613,39563741,3932,"159,205","2,0","83,138","2,2",135,99,0.588548725662,1.0,"0.983,1.0","0.968,0.981",0.017,HepG2,SSRP1,A3SS
144,3850,ENSG00000090621.13,PABPC4,chr1,-,39562322,39562416,39562322,39562380,39563613,39563741,3850,"66,174","0,2","86,142","0,0",135,99,1.0,1.0,"1.0,0.985","1.0,1.0",-0.008,HepG2,STAU1,A3SS
145,3857,ENSG00000090621.13,PABPC4,chr1,-,39562322,39562416,39562322,39562380,39563613,39563741,3857,"98,73","1,0","82,68","0,0",135,99,1.0,1.0,"0.986,1.0","1.0,1.0",-0.007,HepG2,EIF3G,A3SS
146,3852,ENSG00000090621.13,PABPC4,chr1,-,39562322,39562416,39562322,39562380,39563613,39563741,3852,"105,101","1,1","82,68","0,0",135,99,1.0,1.0,"0.987,0.987","1.0,1.0",-0.013,HepG2,EXOSC9,A3SS
147,3937,ENSG00000090621.13,PABPC4,chr1,-,39562322,39562416,39562322,39562380,39563613,39563741,3937,"140,171","1,0","152,71","1,1",135,99,1.0,1.0,"0.99,1.0","0.991,0.981",0.009,HepG2,TUFM,A3SS
148,3920,ENSG00000090621.13,PABPC4,chr1,-,39562322,39562416,39562322,39562380,39563613,39563741,3920,"84,227","1,3","83,138","2,2",135,99,0.731970505406,1.0,"0.984,0.982","0.968,0.981",0.009,HepG2,TBRG4,A3SS
149,3901,ENSG00000090621.13,PABPC4,chr1,-,39562322,39562416,39562322,39562380,39563613,39563741,3901,"70,54","0,1","152,71","1,1",135,99,1.0,1.0,"1.0,0.975","0.991,0.981",0.002,HepG2,HNRNPA2B1,A3SS
150,3848,ENSG00000090621.13,PABPC4,chr1,-,39562322,39562416,39562322,39562380,39563613,39563741,3848,"72,86","4,1","51,75","3,0",135,99,0.478008066807,1.0,"0.93,0.984","0.926,1.0",-0.006,HepG2,SLTM,A3SS
151,3849,ENSG00000090621.13,PABPC4,chr1,-,39569862,39570002,39569862,39569990,39571233,39571349,3849,"187,158","0,0","245,172","1,0",111,99,1.0,1.0,"1.0,1.0","0.995,1.0",0.002,HepG2,SLTM,A3SS
152,3851,ENSG00000090621.13,PABPC4,chr1,-,39562322,39562416,39562322,39562380,39563613,39563741,3851,"120,70","1,5","36,85","0,0",135,99,0.0617499277805,0.3695050798348147,"0.989,0.911","1.0,1.0",-0.05,HepG2,METAP2,A3SS
153,3895,ENSG00000090621.13,PABPC4,chr1,-,39562322,39562416,39562322,39562380,39563613,39563741,3895,"80,115","0,1","143,157","0,1",135,99,1.0,1.0,"1.0,0.988","1.0,0.991",-0.002,HepG2,DDX47,A3SS
154,3813,ENSG00000090621.13,PABPC4,chr1,-,39562322,39562416,39562322,39562380,39563613,39563741,3813,"63,79","1,1","56,87","1,0",135,99,1.0,1.0,"0.979,0.983","0.976,1.0",-0.007,HepG2,WRN,A3SS
155,3826,ENSG00000090621.13,PABPC4,chr1,-,39562322,39562416,39562322,39562380,39563613,39563741,3826,"44,60","0,0","54,70","0,1",135,99,1.0,1.0,"1.0,1.0","1.0,0.981",0.01,HepG2,FASTKD1,A3SS
156,3859,ENSG00000090621.13,PABPC4,chr1,-,39562322,39562416,39562322,39562380,39563613,39563741,3859,"90,108","0,0","51,75","3,0",135,99,0.525673607368,1.0,"1.0,1.0","0.926,1.0",0.037,HepG2,TRA2A,A3SS
157,3860,ENSG00000090621.13,PABPC4,chr1,-,39569862,39570002,39569862,39569990,39571233,39571349,3860,"226,168","0,0","245,172","1,0",111,99,1.0,1.0,"1.0,1.0","0.995,1.0",0.002,HepG2,TRA2A,A3SS
158,3982,ENSG00000090621.13,PABPC4,chr1,-,39562322,39562416,39562322,39562380,39563613,39563741,3982,"403,119","4,0","86,142","0,0",135,99,1.0,1.0,"0.987,1.0","1.0,1.0",-0.006,HepG2,ABCF1,A3SS
159,3854,ENSG00000090621.13,PABPC4,chr1,-,39562322,39562416,39562322,39562380,39563613,39563741,3854,"70,62","0,2","51,75","3,0",135,99,0.676572274526,1.0,"1.0,0.958","0.926,1.0",0.016,HepG2,GTF2F1,A3SS
160,3855,ENSG00000090621.13,PABPC4,chr1,-,39569862,39570002,39569862,39569990,39571233,39571349,3855,"159,193","0,0","245,172","1,0",111,99,1.0,1.0,"1.0,1.0","0.995,1.0",0.002,HepG2,GTF2F1,A3SS
161,3877,ENSG00000090621.13,PABPC4,chr1,-,39562322,39562416,39562322,39562380,39563613,39563741,3877,"33,7","1,0","9,3","0,0",135,99,1.0,1.0,"0.96,1.0","1.0,1.0",-0.02,HepG2,U2AF2,A3SS
162,3958,ENSG00000090621.13,PABPC4,chr1,-,39562322,39562416,39562322,39562380,39563613,39563741,3958,"117,135","1,1","194,150","0,0",135,99,1.0,1.0,"0.988,0.99","1.0,1.0",-0.011,HepG2,SRSF1,A3SS
163,3908,ENSG00000090621.13,PABPC4,chr1,-,39562322,39562416,39562322,39562380,39563613,39563741,3908,"99,190","0,0","35,95","0,3",135,99,0.478850930433,1.0,"1.0,1.0","1.0,0.959",0.02,HepG2,PSIP1,A3SS
164,3930,ENSG00000090621.13,PABPC4,chr1,-,39562322,39562416,39562322,39562380,39563613,39563741,3930,"143,137","1,0","90,153","0,2",135,99,1.0,1.0,"0.991,1.0","1.0,0.982",0.005,HepG2,CCAR1,A3SS
165,3832,ENSG00000090621.13,PABPC4,chr1,-,39562322,39562416,39562322,39562380,39563613,39563741,3832,"48,29","0,1","51,75","3,0",135,99,0.691600540218,1.0,"1.0,0.955","0.926,1.0",0.014,HepG2,XRCC5,A3SS
166,3833,ENSG00000090621.13,PABPC4,chr1,-,39569862,39570002,39569862,39569990,39571233,39571349,3833,"233,150","0,0","245,172","1,0",111,99,1.0,1.0,"1.0,1.0","0.995,1.0",0.002,HepG2,XRCC5,A3SS
167,3885,ENSG00000090621.13,PABPC4,chr1,-,39562322,39562416,39562322,39562380,39563613,39563741,3885,"143,111","1,2","35,95","0,3",135,99,0.726440375427,1.0,"0.991,0.976","1.0,0.959",0.004,HepG2,NUSAP1,A3SS
168,3939,ENSG00000090621.13,PABPC4,chr1,-,39562322,39562416,39562322,39562380,39563613,39563741,3939,"165,165","0,0","175,172","0,1",135,99,1.0,1.0,"1.0,1.0","1.0,0.992",0.004,HepG2,HDGF,A3SS
169,3836,ENSG00000090621.13,PABPC4,chr1,-,39562322,39562416,39562322,39562380,39563613,39563741,3836,"92,99","1,0","36,85","0,0",135,99,1.0,1.0,"0.985,1.0","1.0,1.0",-0.008,HepG2,SERBP1,A3SS
170,3851,ENSG00000090621.13,PABPC4,chr1,-,39562322,39562416,39562322,39562380,39563613,39563741,3851,"44,43","1,1","82,68","0,0",135,99,0.370636312809,1.0,"0.97,0.969","1.0,1.0",-0.03,HepG2,DDX24,A3SS
171,3864,ENSG00000090621.13,PABPC4,chr1,-,39562322,39562416,39562322,39562380,39563613,39563741,3864,"67,68","2,0","51,75","3,0",135,99,0.716341066868,1.0,"0.961,1.0","0.926,1.0",0.017,HepG2,PRPF6,A3SS
172,3865,ENSG00000090621.13,PABPC4,chr1,-,39569862,39570002,39569862,39569990,39571233,39571349,3865,"226,216","0,0","245,172","1,0",111,99,1.0,1.0,"1.0,1.0","0.995,1.0",0.002,HepG2,PRPF6,A3SS
173,3881,ENSG00000090621.13,PABPC4,chr1,-,39562322,39562416,39562322,39562380,39563613,39563741,3881,"79,193","1,0","96,156","2,0",135,99,1.0,1.0,"0.983,1.0","0.972,1.0",0.006,HepG2,DDX28,A3SS
174,3855,ENSG00000090621.13,PABPC4,chr1,-,39562322,39562416,39562322,39562380,39563613,39563741,3855,"96,110","2,1","86,142","0,0",135,99,0.516816002297,1.0,"0.972,0.988","1.0,1.0",-0.02,HepG2,BUD13,A3SS
175,3840,ENSG00000090621.13,PABPC4,chr1,-,39562322,39562416,39562322,39562380,39563613,39563741,3840,"77,117","1,1","86,142","0,0",135,99,1.0,1.0,"0.983,0.988","1.0,1.0",-0.014,HepG2,CEBPZ,A3SS
176,3829,ENSG00000090621.13,PABPC4,chr1,-,39562322,39562416,39562322,39562380,39563613,39563741,3829,"60,92","0,0","45,55","2,0",135,99,0.449114898647,1.0,"1.0,1.0","0.943,1.0",0.028,HepG2,YBX3,A3SS
177,3905,ENSG00000090621.13,PABPC4,chr1,-,39562322,39562416,39562322,39562380,39563613,39563741,3905,"149,70","0,2","56,87","1,0",135,99,1.0,1.0,"1.0,0.962","0.976,1.0",-0.007,HepG2,XRN1,A3SS
178,3864,ENSG00000090621.13,PABPC4,chr1,-,39562322,39562416,39562322,39562380,39563613,39563741,3864,"127,152","0,0","140,265","2,1",135,99,1.0,1.0,"1.0,1.0","0.981,0.995",0.012,HepG2,EIF2S1,A3SS
179,3842,ENSG00000090621.13,PABPC4,chr1,-,39562322,39562416,39562322,39562380,39563613,39563741,3842,"136,91","1,1","45,55","2,0",135,99,0.448281142995,1.0,"0.99,0.985","0.943,1.0",0.016,HepG2,ILF2,A3SS
180,3779,ENSG00000090621.13,PABPC4,chr1,-,39562322,39562416,39562322,39562380,39563613,39563741,3779,"69,107","1,1","36,85","0,0",135,99,1.0,1.0,"0.981,0.987","1.0,1.0",-0.016,HepG2,TROVE2,A3SS
181,3831,ENSG00000090621.13,PABPC4,chr1,-,39562322,39562416,39562322,39562380,39563613,39563741,3831,"60,145","0,1","54,70","0,1",135,99,1.0,1.0,"1.0,0.991","1.0,0.981",0.005,HepG2,APOBEC3C,A3SS
182,3864,ENSG00000090621.13,PABPC4,chr1,-,39562322,39562416,39562322,39562380,39563613,39563741,3864,"56,44","0,0","35,95","0,3",135,99,0.479816789121,1.0,"1.0,1.0","1.0,0.959",0.02,HepG2,GRWD1,A3SS
183,3883,ENSG00000090621.13,PABPC4,chr1,-,39562322,39562416,39562322,39562380,39563613,39563741,3883,"55,122","0,0","96,156","2,0",135,99,1.0,1.0,"1.0,1.0","0.972,1.0",0.014,HepG2,FKBP4,A3SS
184,3907,ENSG00000090621.13,PABPC4,chr1,-,39562322,39562416,39562322,39562380,39563613,39563741,3907,"90,65","0,0","96,156","2,0",135,99,1.0,1.0,"1.0,1.0","0.972,1.0",0.014,HepG2,RRP9,A3SS
185,3827,ENSG00000090621.13,PABPC4,chr1,-,39562322,39562416,39562322,39562380,39563613,39563741,3827,"95,113","1,0","45,55","2,0",135,99,0.448790075859,1.0,"0.986,1.0","0.943,1.0",0.021,HepG2,PPIL4,A3SS
186,3902,ENSG00000090621.13,PABPC4,chr1,-,39562322,39562416,39562322,39562380,39563613,39563741,3902,"138,97","1,0","96,156","2,0",135,99,1.0,1.0,"0.99,1.0","0.972,1.0",0.009,HepG2,UPF2,A3SS
187,3932,ENSG00000090621.13,PABPC4,chr1,-,39562322,39562416,39562322,39562380,39563613,39563741,3932,"142,157","0,0","140,265","2,1",135,99,1.0,1.0,"1.0,1.0","0.981,0.995",0.012,HepG2,DDX3X,A3SS
188,3836,ENSG00000090621.13,PABPC4,chr1,-,39562322,39562416,39562322,39562380,39563613,39563741,3836,"108,63","0,0","54,70","0,1",135,99,1.0,1.0,"1.0,1.0","1.0,0.981",0.01,HepG2,HNRNPD,A3SS
189,3869,ENSG00000090621.13,PABPC4,chr1,-,39562322,39562416,39562322,39562380,39563613,39563741,3869,"90,76","0,3","82,68","0,0",135,99,0.446369136054,1.0,"1.0,0.949","1.0,1.0",-0.026,HepG2,FASTKD2,A3SS
190,3828,ENSG00000090621.13,PABPC4,chr1,-,39562322,39562416,39562322,39562380,39563613,39563741,3828,"114,76","0,0","45,55","2,0",135,99,0.450122213674,1.0,"1.0,1.0","0.943,1.0",0.028,HepG2,HNRNPU,A3SS
191,3835,ENSG00000090621.13,PABPC4,chr1,-,39562322,39562416,39562322,39562380,39563613,39563741,3835,"105,116","0,2","71,137","0,1",135,99,1.0,1.0,"1.0,0.977","1.0,0.99",-0.007,HepG2,FUBP3,A3SS
192,3910,ENSG00000090621.13,PABPC4,chr1,-,39562322,39562416,39562322,39562380,39563613,39563741,3910,"163,167","0,0","175,172","0,1",135,99,1.0,1.0,"1.0,1.0","1.0,0.992",0.004,HepG2,KIF1C,A3SS
193,3846,ENSG00000090621.13,PABPC4,chr1,-,39562322,39562416,39562322,39562380,39563613,39563741,3846,"63,75","1,0","96,156","2,0",135,99,1.0,1.0,"0.979,1.0","0.972,1.0",0.004,HepG2,CSTF2,A3SS
194,3821,ENSG00000090621.13,PABPC4,chr1,-,39562322,39562416,39562322,39562380,39563613,39563741,3821,"23,43","1,1","45,55","2,0",135,99,0.517001209027,1.0,"0.944,0.969","0.943,1.0",-0.015,HepG2,DHX30,A3SS
195,3909,ENSG00000090621.13,PABPC4,chr1,-,39562322,39562416,39562322,39562380,39563613,39563741,3909,"78,102","0,1","194,150","0,0",135,99,1.0,1.0,"1.0,0.987","1.0,1.0",-0.006,HepG2,SRSF9,A3SS
196,3892,ENSG00000090621.13,PABPC4,chr1,-,39562322,39562416,39562322,39562380,39563613,39563741,3892,"131,131","0,2","35,95","0,3",135,99,0.575316013281,1.0,"1.0,0.98","1.0,0.959",0.01,HepG2,LARP7,A3SS
197,3955,ENSG00000090621.13,PABPC4,chr1,-,39562322,39562416,39562322,39562380,39563613,39563741,3955,"158,175","0,1","140,265","2,1",135,99,1.0,1.0,"1.0,0.992","0.981,0.995",0.008,HepG2,NCBP2,A3SS
198,3855,ENSG00000090621.13,PABPC4,chr1,-,39562322,39562416,39562322,39562380,39563613,39563741,3855,"98,105","0,2","54,70","0,1",135,99,1.0,1.0,"1.0,0.975","1.0,0.981",-0.003,HepG2,RPS3A,A3SS
199,3795,ENSG00000090621.13,PABPC4,chr1,-,39562322,39562416,39562322,39562380,39563613,39563741,3795,"76,43","1,0","48,88","0,2",135,99,0.834578426106,1.0,"0.982,1.0","1.0,0.97",0.006,HepG2,TARDBP,A3SS
200,3935,ENSG00000090621.13,PABPC4,chr1,-,39562322,39562416,39562322,39562380,39563613,39563741,3935,"169,171","2,0","194,150","0,0",135,99,1.0,1.0,"0.984,1.0","1.0,1.0",-0.008,HepG2,NELFE,A3SS
201,4062,ENSG00000090621.13,PABPC4,chr1,-,39562322,39562416,39562322,39562380,39563613,39563741,4062,"162,84","1,0","86,142","0,0",135,99,1.0,1.0,"0.992,1.0","1.0,1.0",-0.004,HepG2,U2AF1,A3SS
202,3906,ENSG00000090621.13,PABPC4,chr1,-,39562322,39562416,39562322,39562380,39563613,39563741,3906,"268,35","0,0","35,95","0,3",135,99,0.478737447989,1.0,"1.0,1.0","1.0,0.959",0.02,HepG2,RCC2,A3SS
203,3791,ENSG00000090621.13,PABPC4,chr1,-,39562322,39562416,39562322,39562380,39563613,39563741,3791,"19,29","0,0","48,88","0,2",135,99,0.833463019752,1.0,"1.0,1.0","1.0,0.97",0.015,HepG2,NSUN2,A3SS
204,3833,ENSG00000090621.13,PABPC4,chr1,-,39562322,39562416,39562322,39562380,39563613,39563741,3833,"31,31","0,0","48,88","0,2",135,99,0.833463019752,1.0,"1.0,1.0","1.0,0.97",0.015,HepG2,CPSF6,A3SS
205,3945,ENSG00000090621.13,PABPC4,chr1,-,39562322,39562416,39562322,39562380,39563613,39563741,3945,"114,150","1,1","144,124","0,1",135,99,1.0,1.0,"0.988,0.991","1.0,0.989",-0.005,HepG2,UTP3,A3SS
206,3927,ENSG00000090621.13,PABPC4,chr1,-,39562322,39562416,39562322,39562380,39563613,39563741,3927,"107,139","0,0","175,172","0,1",135,99,1.0,1.0,"1.0,1.0","1.0,0.992",0.004,HepG2,ACO1,A3SS
207,3923,ENSG00000090621.13,PABPC4,chr1,-,39562322,39562416,39562322,39562380,39563613,39563741,3923,"294,191","0,1","140,265","2,1",135,99,1.0,1.0,"1.0,0.993","0.981,0.995",0.008,HepG2,FXR1,A3SS
208,3857,ENSG00000090621.13,PABPC4,chr1,-,39562322,39562416,39562322,39562380,39563613,39563741,3857,"46,46","0,1","51,75","3,0",135,99,0.603474205801,1.0,"1.0,0.971","0.926,1.0",0.022,HepG2,PCBP2,A3SS
209,3858,ENSG00000090621.13,PABPC4,chr1,-,39569862,39570002,39569862,39569990,39571233,39571349,3858,"145,123","0,0","245,172","1,0",111,99,1.0,1.0,"1.0,1.0","0.995,1.0",0.002,HepG2,PCBP2,A3SS
210,3814,ENSG00000090621.13,PABPC4,chr1,-,39562322,39562416,39562322,39562380,39563613,39563741,3814,"97,79","1,2","36,85","0,0",135,99,0.457596326678,1.0,"0.986,0.967","1.0,1.0",-0.024,HepG2,PKM,A3SS
211,3840,ENSG00000090621.13,PABPC4,chr1,-,39562322,39562416,39562322,39562380,39563613,39563741,3840,"147,152","0,1","54,70","0,1",135,99,1.0,1.0,"1.0,0.991","1.0,0.981",0.005,HepG2,XPO5,A3SS
212,3897,ENSG00000090621.13,PABPC4,chr1,-,39562322,39562416,39562322,39562380,39563613,39563741,3897,"61,67","0,0","144,124","0,1",135,99,1.0,1.0,"1.0,1.0","1.0,0.989",0.006,HepG2,UPF1,A3SS
213,3853,ENSG00000090621.13,PABPC4,chr1,-,39562322,39562416,39562322,39562380,39563613,39563741,3853,"99,75","1,0","36,85","0,0",135,99,1.0,1.0,"0.986,1.0","1.0,1.0",-0.007,HepG2,EFTUD2,A3SS
214,3858,ENSG00000090621.13,PABPC4,chr1,-,39562322,39562416,39562322,39562380,39563613,39563741,3858,"79,88","1,2","86,142","0,0",135,99,0.444395671209,1.0,"0.983,0.97","1.0,1.0",-0.024,HepG2,HNRNPM,A3SS
215,3847,ENSG00000090621.13,PABPC4,chr1,-,39562322,39562416,39562322,39562380,39563613,39563741,3847,"117,31","1,0","45,55","2,0",135,99,0.448954323252,1.0,"0.988,1.0","0.943,1.0",0.022,HepG2,HNRNPA1,A3SS
216,3853,ENSG00000090621.13,PABPC4,chr1,-,39562322,39562416,39562322,39562380,39563613,39563741,3853,"90,115","2,1","51,75","3,0",135,99,0.7453833553,1.0,"0.971,0.988","0.926,1.0",0.016,HepG2,ZRANB2,A3SS
217,3854,ENSG00000090621.13,PABPC4,chr1,-,39569862,39570002,39569862,39569990,39571233,39571349,3854,"171,186","0,0","245,172","1,0",111,99,1.0,1.0,"1.0,1.0","0.995,1.0",0.002,HepG2,ZRANB2,A3SS
218,3900,ENSG00000090621.13,PABPC4,chr1,-,39562322,39562416,39562322,39562380,39563613,39563741,3900,"137,183","0,0","140,265","2,1",135,99,1.0,1.0,"1.0,1.0","0.981,0.995",0.012,HepG2,DDX6,A3SS
219,3978,ENSG00000090621.13,PABPC4,chr1,-,39562322,39562416,39562322,39562380,39563613,39563741,3978,"121,149","0,0","152,71","1,1",135,99,1.0,1.0,"1.0,1.0","0.991,0.981",0.014,HepG2,SRSF5,A3SS
220,3918,ENSG00000090621.13,PABPC4,chr1,-,39562322,39562416,39562322,39562380,39563613,39563741,3918,"150,208","0,4","83,138","2,2",135,99,0.64728408195,1.0,"1.0,0.974","0.968,0.981",0.013,HepG2,PPIG,A3SS
221,3817,ENSG00000090621.13,PABPC4,chr1,-,39562322,39562416,39562322,39562380,39563613,39563741,3817,"108,103","0,0","45,55","2,0",135,99,0.449839477597,1.0,"1.0,1.0","0.943,1.0",0.028,HepG2,DNAJC2,A3SS
222,3896,ENSG00000090621.13,PABPC4,chr1,-,39562322,39562416,39562322,39562380,39563613,39563741,3896,"163,141","2,0","36,85","0,0",135,99,1.0,1.0,"0.984,1.0","1.0,1.0",-0.008,HepG2,EEF2,A3SS
223,3977,ENSG00000090621.13,PABPC4,chr1,-,39562322,39562416,39562322,39562380,39563613,39563741,3977,"186,196","0,0","152,71","1,1",135,99,1.0,1.0,"1.0,1.0","0.991,0.981",0.014,HepG2,SUCLG1,A3SS
224,3949,ENSG00000090621.13,PABPC4,chr1,-,39562322,39562416,39562322,39562380,39563613,39563741,3949,"218,222","0,1","194,150","0,0",135,99,1.0,1.0,"1.0,0.994","1.0,1.0",-0.003,HepG2,PCBP1,A3SS
225,3887,ENSG00000090621.13,PABPC4,chr1,-,39562322,39562416,39562322,39562380,39563613,39563741,3887,"152,144","0,2","51,75","3,0",135,99,0.517109188739,1.0,"1.0,0.981","0.926,1.0",0.027,HepG2,SMNDC1,A3SS
226,3888,ENSG00000090621.13,PABPC4,chr1,-,39569862,39570002,39569862,39569990,39571233,39571349,3888,"235,193","0,0","245,172","1,0",111,99,1.0,1.0,"1.0,1.0","0.995,1.0",0.002,HepG2,SMNDC1,A3SS
227,3878,ENSG00000090621.13,PABPC4,chr1,-,39562322,39562416,39562322,39562380,39563613,39563741,3878,"100,130","1,1","194,150","0,0",135,99,1.0,1.0,"0.987,0.99","1.0,1.0",-0.012,HepG2,TIA1,A3SS
228,3950,ENSG00000090621.13,PABPC4,chr1,-,39562322,39562416,39562322,39562380,39563613,39563741,3950,"152,155","2,0","175,172","0,1",135,99,1.0,1.0,"0.982,1.0","1.0,0.992",-0.005,HepG2,EWSR1,A3SS
229,3941,ENSG00000090621.13,PABPC4,chr1,-,39562322,39562416,39562322,39562380,39563613,39563741,3941,"149,275","1,1","155,139","0,1",135,99,1.0,1.0,"0.991,0.995","1.0,0.99",-0.002,HepG2,RBM15,A3SS
230,3884,ENSG00000090621.13,PABPC4,chr1,-,39562322,39562416,39562322,39562380,39563613,39563741,3884,"86,109","1,1","51,75","3,0",135,99,0.537937003557,1.0,"0.984,0.988","0.926,1.0",0.023,HepG2,XRCC6,A3SS
231,3885,ENSG00000090621.13,PABPC4,chr1,-,39569862,39570002,39569862,39569990,39571233,39571349,3885,"247,208","0,0","245,172","1,0",111,99,1.0,1.0,"1.0,1.0","0.995,1.0",0.002,HepG2,XRCC6,A3SS
232,3916,ENSG00000090621.13,PABPC4,chr1,-,39562322,39562416,39562322,39562380,39563613,39563741,3916,"139,142","1,0","152,71","1,1",135,99,1.0,1.0,"0.99,1.0","0.991,0.981",0.009,HepG2,SLBP,A3SS
233,3891,ENSG00000090621.13,PABPC4,chr1,-,39562322,39562416,39562322,39562380,39563613,39563741,3891,"134,113","2,2","144,124","0,1",135,99,0.551358152263,1.0,"0.98,0.976","1.0,0.989",-0.016,HepG2,UTP18,A3SS
234,4011,ENSG00000090621.13,PABPC4,chr1,-,39562322,39562416,39562322,39562380,39563613,39563741,4011,"278,252","0,5","398,444","3,4",135,99,0.907046789282,1.0,"1.0,0.974","0.99,0.988",-0.002,K562,GLRX3,A3SS
235,3975,ENSG00000090621.13,PABPC4,chr1,-,39562322,39562416,39562322,39562380,39563613,39563741,3975,"302,222","6,4","188,217","1,3",135,99,0.145544596247,0.7072205690701749,"0.974,0.976","0.993,0.981",-0.012,K562,TRIP6,A3SS
236,4037,ENSG00000090621.13,PABPC4,chr1,-,39562322,39562416,39562322,39562380,39563613,39563741,4037,"475,344","1,4","338,366","1,2",135,99,1.0,1.0,"0.997,0.984","0.996,0.993",-0.004,K562,CPEB4,A3SS
237,3937,ENSG00000090621.13,PABPC4,chr1,-,39562322,39562416,39562322,39562380,39563613,39563741,3937,"349,341","4,1","115,111","1,0",135,99,1.0,1.0,"0.985,0.996","0.988,1.0",-0.004,K562,TIA1,A3SS
238,4167,ENSG00000090621.13,PABPC4,chr1,-,39562322,39562416,39562322,39562380,39563613,39563741,4167,"487,454","1,3","707,468","5,5",135,99,0.848001025674,1.0,"0.997,0.991","0.99,0.986",0.006,K562,ZC3H8,A3SS
239,3908,ENSG00000090621.13,PABPC4,chr1,-,39562322,39562416,39562322,39562380,39563613,39563741,3908,"179,128","1,0","184,254","2,2",135,99,1.0,1.0,"0.992,1.0","0.985,0.989",0.009,K562,LARP7,A3SS
240,3802,ENSG00000090621.13,PABPC4,chr1,-,39562322,39562416,39562322,39562380,39563613,39563741,3802,"9,1","1,1","49,62","0,4",135,99,0.601338980446,1.0,"0.868,0.423","1.0,0.919",-0.314,K562,G3BP2,A3SS
241,3873,ENSG00000090621.13,PABPC4,chr1,-,39562322,39562416,39562322,39562380,39563613,39563741,3873,"321,249","1,0","245,216","1,1",135,99,1.0,1.0,"0.996,1.0","0.994,0.994",0.004,K562,RBFOX2,A3SS
242,3853,ENSG00000090621.13,PABPC4,chr1,-,39562322,39562416,39562322,39562380,39563613,39563741,3853,"77,49","0,2","184,254","2,2",135,99,0.657605638854,1.0,"1.0,0.947","0.985,0.989",-0.013,K562,FKBP4,A3SS
243,3864,ENSG00000090621.13,PABPC4,chr1,-,39562322,39562416,39562322,39562380,39563613,39563741,3864,"58,80","0,2","49,62","0,4",135,99,0.229246636694,0.9349499026363508,"1.0,0.967","1.0,0.919",0.024,K562,QKI,A3SS
244,3896,ENSG00000090621.13,PABPC4,chr1,-,39562322,39562416,39562322,39562380,39563613,39563741,3896,"29,22","0,1","49,62","0,4",135,99,0.17319780675,0.5925860600253932,"1.0,0.942","1.0,0.919",0.011,K562,U2AF2,A3SS
245,3818,ENSG00000090621.13,PABPC4,chr1,-,39562322,39562416,39562322,39562380,39563613,39563741,3818,"92,295","1,0","78,70","0,0",135,99,1.0,1.0,"0.985,1.0","1.0,1.0",-0.008,K562,AGO2,A3SS
246,3873,ENSG00000090621.13,PABPC4,chr1,-,39562322,39562416,39562322,39562380,39563613,39563741,3873,"102,106","1,2","94,77","1,3",135,99,0.502137770561,1.0,"0.987,0.975","0.986,0.95",0.013,K562,BOP1,A3SS
247,3875,ENSG00000090621.13,PABPC4,chr1,-,39562322,39562416,39562322,39562380,39563613,39563741,3875,"50,103","2,0","94,77","1,3",135,99,0.363707677389,1.0,"0.948,1.0","0.986,0.95",0.006,K562,FTO,A3SS
248,4042,ENSG00000090621.13,PABPC4,chr1,-,39562322,39562416,39562322,39562380,39563613,39563741,4042,"186,423","1,1","448,292","0,0",135,99,1.0,1.0,"0.993,0.997","1.0,1.0",-0.005,K562,MAK16,A3SS
249,3789,ENSG00000090621.13,PABPC4,chr1,-,39562322,39562416,39562322,39562380,39563613,39563741,3789,"85,70","1,1","58,48","0,0",135,99,1.0,1.0,"0.984,0.981","1.0,1.0",-0.018,K562,RECQL,A3SS
250,3869,ENSG00000090621.13,PABPC4,chr1,-,39562322,39562416,39562322,39562380,39563613,39563741,3869,"206,216","2,0","207,183","2,1",135,99,1.0,1.0,"0.987,1.0","0.987,0.993",0.004,K562,UTP3,A3SS
251,3964,ENSG00000090621.13,PABPC4,chr1,-,39562322,39562416,39562322,39562380,39563613,39563741,3964,"282,234","7,0","115,111","1,0",135,99,0.702508736841,1.0,"0.967,1.0","0.988,1.0",-0.01,K562,SRSF1,A3SS
252,4278,ENSG00000090621.13,PABPC4,chr1,-,39562322,39562416,39562322,39562380,39563613,39563741,4278,"827,435","3,3","356,908","2,3",135,99,1.0,1.0,"0.995,0.991","0.992,0.996",-0.001,K562,PUF60,A3SS
253,3884,ENSG00000090621.13,PABPC4,chr1,-,39562322,39562416,39562322,39562380,39563613,39563741,3884,"274,171","0,1","184,254","2,2",135,99,1.0,1.0,"1.0,0.992","0.985,0.989",0.009,K562,PSIP1,A3SS
254,4024,ENSG00000090621.13,PABPC4,chr1,-,39562322,39562416,39562322,39562380,39563613,39563741,4024,"295,332","2,0","448,292","0,0",135,99,1.0,1.0,"0.991,1.0","1.0,1.0",-0.004,K562,RBM15,A3SS
255,3961,ENSG00000090621.13,PABPC4,chr1,-,39562322,39562416,39562322,39562380,39563613,39563741,3961,"211,168","3,0","109,240","0,2",135,99,1.0,1.0,"0.981,1.0","1.0,0.989",-0.004,K562,PABPN1,A3SS
256,3874,ENSG00000090621.13,PABPC4,chr1,-,39562322,39562416,39562322,39562380,39563613,39563741,3874,"104,170","1,1","184,254","2,2",135,99,1.0,1.0,"0.987,0.992","0.985,0.989",0.003,K562,AARS,A3SS
257,4009,ENSG00000090621.13,PABPC4,chr1,-,39562322,39562416,39562322,39562380,39563613,39563741,4009,"331,246","1,1","184,254","2,2",135,99,1.0,1.0,"0.996,0.994","0.985,0.989",0.008,K562,HNRNPC,A3SS
258,3869,ENSG00000090621.13,PABPC4,chr1,-,39562322,39562416,39562322,39562380,39563613,39563741,3869,"222,283","0,1","245,216","1,1",135,99,1.0,1.0,"1.0,0.995","0.994,0.994",0.004,K562,ADAR,A3SS
259,3854,ENSG00000090621.13,PABPC4,chr1,-,39562322,39562416,39562322,39562380,39563613,39563741,3854,"88,68","0,0","184,254","2,2",135,99,1.0,1.0,"1.0,1.0","0.985,0.989",0.013,K562,DDX55,A3SS
260,3894,ENSG00000090621.13,PABPC4,chr1,-,39562322,39562416,39562322,39562380,39563613,39563741,3894,"210,173","1,1","184,254","2,2",135,99,1.0,1.0,"0.994,0.992","0.985,0.989",0.006,K562,GRWD1,A3SS
261,3980,ENSG00000090621.13,PABPC4,chr1,-,39562322,39562416,39562322,39562380,39563613,39563741,3980,"416,402","0,4","414,277","1,0",135,99,1.0,1.0,"1.0,0.987","0.997,1.0",-0.005,K562,SAFB2,A3SS
262,4069,ENSG00000090621.13,PABPC4,chr1,-,39562322,39562416,39562322,39562380,39563613,39563741,4069,"249,190","0,0","115,111","1,0",135,99,1.0,1.0,"1.0,1.0","0.988,1.0",0.006,K562,MAGOH,A3SS
263,3975,ENSG00000090621.13,PABPC4,chr1,-,39562322,39562416,39562322,39562380,39563613,39563741,3975,"125,131","0,2","109,240","0,2",135,99,1.0,1.0,"1.0,0.98","1.0,0.989",-0.004,K562,YTHDC2,A3SS
264,3892,ENSG00000090621.13,PABPC4,chr1,-,39562322,39562416,39562322,39562380,39563613,39563741,3892,"99,70","3,3","118,65","3,1",135,99,0.376450879628,1.0,"0.96,0.945","0.966,0.979",-0.02,K562,SSB,A3SS
265,3904,ENSG00000090621.13,PABPC4,chr1,-,39562322,39562416,39562322,39562380,39563613,39563741,3904,"294,281","3,3","99,193","0,0",135,99,0.665909942357,1.0,"0.986,0.986","1.0,1.0",-0.014,K562,SRP68,A3SS
266,3981,ENSG00000090621.13,PABPC4,chr1,-,39562322,39562416,39562322,39562380,39563613,39563741,3981,"311,275","0,2","99,193","0,0",135,99,1.0,1.0,"1.0,0.99","1.0,1.0",-0.005,K562,EIF3D,A3SS
267,3869,ENSG00000090621.13,PABPC4,chr1,-,39562322,39562416,39562322,39562380,39563613,39563741,3869,"49,85","2,3","43,59","0,4",135,99,0.78613855468,1.0,"0.947,0.954","1.0,0.915",-0.007,K562,FUBP1,A3SS
268,3915,ENSG00000090621.13,PABPC4,chr1,-,39562322,39562416,39562322,39562380,39563613,39563741,3915,"105,138","0,0","135,187","0,1",135,99,1.0,1.0,"1.0,1.0","1.0,0.993",0.004,K562,STIP1,A3SS
269,3970,ENSG00000090621.13,PABPC4,chr1,-,39562322,39562416,39562322,39562380,39563613,39563741,3970,"192,178","1,0","115,111","1,0",135,99,1.0,1.0,"0.993,1.0","0.988,1.0",0.002,K562,PCBP1,A3SS
270,3902,ENSG00000090621.13,PABPC4,chr1,-,39562322,39562416,39562322,39562380,39563613,39563741,3902,"330,262","1,1","387,291","0,0",135,99,1.0,1.0,"0.996,0.995","1.0,1.0",-0.004,K562,EWSR1,A3SS
271,3865,ENSG00000090621.13,PABPC4,chr1,-,39562322,39562416,39562322,39562380,39563613,39563741,3865,"104,45","0,0","139,108","1,2",135,99,0.672584890589,1.0,"1.0,1.0","0.99,0.975",0.018,K562,RBM3,A3SS
272,3938,ENSG00000090621.13,PABPC4,chr1,-,39562322,39562416,39562322,39562380,39563613,39563741,3938,"173,188","2,1","188,217","1,3",135,99,1.0,1.0,"0.984,0.993","0.993,0.981",0.001,K562,BUD13,A3SS
273,4003,ENSG00000090621.13,PABPC4,chr1,-,39562322,39562416,39562322,39562380,39563613,39563741,4003,"170,234","0,0","135,187","0,1",135,99,1.0,1.0,"1.0,1.0","1.0,0.993",0.004,K562,CNOT7,A3SS
274,3849,ENSG00000090621.13,PABPC4,chr1,-,39562322,39562416,39562322,39562380,39563613,39563741,3849,"275,272","0,0","245,216","1,1",135,99,1.0,1.0,"1.0,1.0","0.994,0.994",0.006,K562,EIF3A,A3SS
275,3931,ENSG00000090621.13,PABPC4,chr1,-,39562322,39562416,39562322,39562380,39563613,39563741,3931,"124,177","0,0","135,187","0,1",135,99,1.0,1.0,"1.0,1.0","1.0,0.993",0.004,K562,HNRNPAB,A3SS
276,3830,ENSG00000090621.13,PABPC4,chr1,-,39562322,39562416,39562322,39562380,39563613,39563741,3830,"65,47","1,0","94,77","1,3",135,99,0.564524063203,1.0,"0.979,1.0","0.986,0.95",0.022,K562,KRR1,A3SS
277,3913,ENSG00000090621.13,PABPC4,chr1,-,39562322,39562416,39562322,39562380,39563613,39563741,3913,"200,295","1,0","322,160","1,2",135,99,1.0,1.0,"0.993,1.0","0.996,0.983",0.007,K562,CSTF2,A3SS
278,3914,ENSG00000090621.13,PABPC4,chr1,-,39569862,39570002,39569862,39569990,39571233,39571349,3914,"317,367","0,0","681,500","1,0",111,99,1.0,1.0,"1.0,1.0","0.998,1.0",0.001,K562,CSTF2,A3SS
279,3940,ENSG00000090621.13,PABPC4,chr1,-,39562322,39562416,39562322,39562380,39563613,39563741,3940,"227,193","3,1","115,111","1,0",135,99,1.0,1.0,"0.982,0.993","0.988,1.0",-0.006,K562,MATR3,A3SS
280,3975,ENSG00000090621.13,PABPC4,chr1,-,39562322,39562416,39562322,39562380,39563613,39563741,3975,"219,311","0,3","115,111","1,0",135,99,1.0,1.0,"1.0,0.987","0.988,1.0",-0.0,K562,RBM22,A3SS
281,3856,ENSG00000090621.13,PABPC4,chr1,-,39562322,39562416,39562322,39562380,39563613,39563741,3856,"106,65","0,1","118,65","3,1",135,99,0.866902236539,1.0,"1.0,0.979","0.966,0.979",0.017,K562,SLTM,A3SS
282,4239,ENSG00000090621.13,PABPC4,chr1,-,39562322,39562416,39562322,39562380,39563613,39563741,4239,"508,790","1,4","356,908","2,3",135,99,1.0,1.0,"0.997,0.993","0.992,0.996",0.001,K562,NOL12,A3SS
283,4458,ENSG00000090621.13,PABPC4,chr1,-,39562322,39562416,39562322,39562380,39563613,39563741,4458,"589,341","3,2","707,468","5,5",135,99,0.852300932675,1.0,"0.993,0.992","0.99,0.986",0.004,K562,AQR,A3SS
284,3866,ENSG00000090621.13,PABPC4,chr1,-,39562322,39562416,39562322,39562380,39563613,39563741,3866,"270,289","1,0","245,216","1,1",135,99,1.0,1.0,"0.995,1.0","0.994,0.994",0.004,K562,EIF4G1,A3SS
285,3941,ENSG00000090621.13,PABPC4,chr1,-,39562322,39562416,39562322,39562380,39563613,39563741,3941,"197,260","0,0","115,111","1,0",135,99,1.0,1.0,"1.0,1.0","0.988,1.0",0.006,K562,IGF2BP3,A3SS
286,3940,ENSG00000090621.13,PABPC4,chr1,-,39562322,39562416,39562322,39562380,39563613,39563741,3940,"66,67","0,1","49,62","0,4",135,99,0.226808852645,0.7031788907217105,"1.0,0.98","1.0,0.919",0.03,K562,SF3B4,A3SS
287,3914,ENSG00000090621.13,PABPC4,chr1,-,39562322,39562416,39562322,39562380,39563613,39563741,3914,"176,286","0,1","184,254","2,2",135,99,1.0,1.0,"1.0,0.995","0.985,0.989",0.011,K562,TRIM56,A3SS
288,3912,ENSG00000090621.13,PABPC4,chr1,-,39562322,39562416,39562322,39562380,39563613,39563741,3912,"123,82","2,0","135,187","0,1",135,99,1.0,1.0,"0.978,1.0","1.0,0.993",-0.007,K562,RPS3A,A3SS
289,4030,ENSG00000090621.13,PABPC4,chr1,-,39562322,39562416,39562322,39562380,39563613,39563741,4030,"447,431","4,1","334,415","9,2",135,99,0.199217882141,0.855372017764135,"0.988,0.997","0.965,0.993",0.013,K562,EIF2S2,A3SS
290,4171,ENSG00000090621.13,PABPC4,chr1,-,39562322,39562416,39562322,39562380,39563613,39563741,4171,"298,673","2,5","356,908","2,3",135,99,1.0,1.0,"0.991,0.99","0.992,0.996",-0.004,K562,APOBEC3C,A3SS
291,3874,ENSG00000090621.13,PABPC4,chr1,-,39562322,39562416,39562322,39562380,39563613,39563741,3874,"177,288","1,3","184,254","2,2",135,99,1.0,1.0,"0.992,0.986","0.985,0.989",0.002,K562,LSM11,A3SS
292,3864,ENSG00000090621.13,PABPC4,chr1,-,39562322,39562416,39562322,39562380,39563613,39563741,3864,"112,105","0,3","118,65","3,1",135,99,0.521332092442,1.0,"1.0,0.963","0.966,0.979",0.009,K562,FASTKD2,A3SS
293,3846,ENSG00000090621.13,PABPC4,chr1,-,39562322,39562416,39562322,39562380,39563613,39563741,3846,"59,59","0,1","43,59","0,4",135,99,0.181091023168,0.8166321408700877,"1.0,0.977","1.0,0.915",0.031,K562,XPO1,A3SS
294,4209,ENSG00000090621.13,PABPC4,chr1,-,39562322,39562416,39562322,39562380,39563613,39563741,4209,"863,582","3,0","356,908","2,3",135,99,1.0,1.0,"0.995,1.0","0.992,0.996",0.004,K562,CCAR2,A3SS
295,3901,ENSG00000090621.13,PABPC4,chr1,-,39562322,39562416,39562322,39562380,39563613,39563741,3901,"276,121","2,0","184,254","2,2",135,99,1.0,1.0,"0.99,1.0","0.985,0.989",0.008,K562,PHF6,A3SS
296,3983,ENSG00000090621.13,PABPC4,chr1,-,39562322,39562416,39562322,39562380,39563613,39563741,3983,"253,167","0,3","217,373","4,2",135,99,0.668625843297,1.0,"1.0,0.976","0.975,0.993",0.004,K562,DAZAP1,A3SS
297,3955,ENSG00000090621.13,PABPC4,chr1,-,39562322,39562416,39562322,39562380,39563613,39563741,3955,"168,212","1,0","188,217","1,3",135,99,1.0,1.0,"0.992,1.0","0.993,0.981",0.009,K562,FIP1L1,A3SS
298,3873,ENSG00000090621.13,PABPC4,chr1,-,39562322,39562416,39562322,39562380,39563613,39563741,3873,"272,240","3,0","245,216","1,1",135,99,1.0,1.0,"0.985,1.0","0.994,0.994",-0.002,K562,SLBP,A3SS
299,3877,ENSG00000090621.13,PABPC4,chr1,-,39562322,39562416,39562322,39562380,39563613,39563741,3877,"133,123","1,0","94,77","1,3",135,99,0.908679108427,1.0,"0.99,1.0","0.986,0.95",0.027,K562,METAP2,A3SS
300,3953,ENSG00000090621.13,PABPC4,chr1,-,39562322,39562416,39562322,39562380,39563613,39563741,3953,"129,202","1,1","188,217","1,3",135,99,1.0,1.0,"0.99,0.993","0.993,0.981",0.005,K562,ESF1,A3SS
301,3864,ENSG00000090621.13,PABPC4,chr1,-,39562322,39562416,39562322,39562380,39563613,39563741,3864,"266,341","1,1","245,216","1,1",135,99,1.0,1.0,"0.995,0.996","0.994,0.994",0.002,K562,DDX1,A3SS
302,3883,ENSG00000090621.13,PABPC4,chr1,-,39562322,39562416,39562322,39562380,39563613,39563741,3883,"67,83","0,2","81,70","1,1",135,99,1.0,1.0,"1.0,0.968","0.983,0.981",0.002,K562,MARK2,A3SS
303,3870,ENSG00000090621.13,PABPC4,chr1,-,39562322,39562416,39562322,39562380,39563613,39563741,3870,"266,206","1,1","245,216","1,1",135,99,1.0,1.0,"0.995,0.993","0.994,0.994",0.0,K562,PARN,A3SS
304,4018,ENSG00000090621.13,PABPC4,chr1,-,39562322,39562416,39562322,39562380,39563613,39563741,4018,"176,425","2,0","109,240","0,2",135,99,1.0,1.0,"0.985,1.0","1.0,0.989",-0.002,K562,HNRNPUL1,A3SS
305,3832,ENSG00000090621.13,PABPC4,chr1,-,39562322,39562416,39562322,39562380,39563613,39563741,3832,"23,44","0,0","118,65","3,1",135,99,0.738188258327,1.0,"1.0,1.0","0.966,0.979",0.028,K562,SND1,A3SS
306,3979,ENSG00000090621.13,PABPC4,chr1,-,39562322,39562416,39562322,39562380,39563613,39563741,3979,"133,180","0,0","109,240","0,2",135,99,1.0,1.0,"1.0,1.0","1.0,0.989",0.006,K562,SUPT6H,A3SS
307,3964,ENSG00000090621.13,PABPC4,chr1,-,39562322,39562416,39562322,39562380,39563613,39563741,3964,"579,488","0,1","387,291","0,0",135,99,1.0,1.0,"1.0,0.997","1.0,1.0",-0.002,K562,FXR1,A3SS
308,3917,ENSG00000090621.13,PABPC4,chr1,-,39562322,39562416,39562322,39562380,39563613,39563741,3917,"381,382","1,1","99,193","0,0",135,99,1.0,1.0,"0.996,0.996","1.0,1.0",-0.004,K562,NONO,A3SS
309,4062,ENSG00000090621.13,PABPC4,chr1,-,39562322,39562416,39562322,39562380,39563613,39563741,4062,"532,414","5,2","115,111","1,0",135,99,1.0,1.0,"0.987,0.993","0.988,1.0",-0.004,K562,TARDBP,A3SS
310,4243,ENSG00000090621.13,PABPC4,chr1,-,39562322,39562416,39562322,39562380,39563613,39563741,4243,"597,873","2,6","356,908","2,3",135,99,1.0,1.0,"0.995,0.991","0.992,0.996",-0.001,K562,UBE2L3,A3SS
311,3983,ENSG00000090621.13,PABPC4,chr1,-,39562322,39562416,39562322,39562380,39563613,39563741,3983,"83,210","1,1","109,240","0,2",135,99,1.0,1.0,"0.984,0.994","1.0,0.989",-0.005,K562,SUGP2,A3SS
312,3967,ENSG00000090621.13,PABPC4,chr1,-,39562322,39562416,39562322,39562380,39563613,39563741,3967,"362,342","1,1","217,373","4,2",135,99,0.683139824624,1.0,"0.996,0.996","0.975,0.993",0.012,K562,SUB1,A3SS
313,4054,ENSG00000090621.13,PABPC4,chr1,-,39562322,39562416,39562322,39562380,39563613,39563741,4054,"567,435","1,2","398,444","3,4",135,99,1.0,1.0,"0.998,0.994","0.99,0.988",0.007,K562,UPF1,A3SS
314,4158,ENSG00000090621.13,PABPC4,chr1,-,39562322,39562416,39562322,39562380,39563613,39563741,4158,"417,557","2,4","356,908","2,3",135,99,1.0,1.0,"0.994,0.99","0.992,0.996",-0.002,K562,SUCLG1,A3SS
315,3880,ENSG00000090621.13,PABPC4,chr1,-,39562322,39562416,39562322,39562380,39563613,39563741,3880,"213,227","0,1","245,216","1,1",135,99,1.0,1.0,"1.0,0.994","0.994,0.994",0.003,K562,DNAJC21,A3SS
316,3961,ENSG00000090621.13,PABPC4,chr1,-,39562322,39562416,39562322,39562380,39563613,39563741,3961,"206,270","1,3","217,373","4,2",135,99,0.68707846313,1.0,"0.993,0.985","0.975,0.993",0.005,K562,GTF2F1,A3SS
317,3951,ENSG00000090621.13,PABPC4,chr1,-,39562322,39562416,39562322,39562380,39563613,39563741,3951,"278,185","1,2","135,187","0,1",135,99,1.0,1.0,"0.995,0.985","1.0,0.993",-0.006,K562,SBDS,A3SS
318,4087,ENSG00000090621.13,PABPC4,chr1,-,39562322,39562416,39562322,39562380,39563613,39563741,4087,"368,286","3,0","338,366","1,2",135,99,1.0,1.0,"0.989,1.0","0.996,0.993",0.0,K562,DDX47,A3SS
319,4122,ENSG00000090621.13,PABPC4,chr1,-,39562322,39562416,39562322,39562380,39563613,39563741,4122,"317,350","0,2","356,908","2,3",135,99,1.0,1.0,"1.0,0.992","0.992,0.996",0.002,K562,TUFM,A3SS
320,3948,ENSG00000090621.13,PABPC4,chr1,-,39562322,39562416,39562322,39562380,39563613,39563741,3948,"240,174","3,0","387,291","0,0",135,99,1.0,1.0,"0.983,1.0","1.0,1.0",-0.008,K562,NCBP2,A3SS
321,3910,ENSG00000090621.13,PABPC4,chr1,-,39562322,39562416,39562322,39562380,39563613,39563741,3910,"126,110","4,2","43,59","0,4",135,99,0.902304727913,1.0,"0.959,0.976","1.0,0.915",0.01,K562,XRN1,A3SS
322,3980,ENSG00000090621.13,PABPC4,chr1,-,39562322,39562416,39562322,39562380,39563613,39563741,3980,"279,255","0,1","115,111","1,0",135,99,1.0,1.0,"1.0,0.995","0.988,1.0",0.004,K562,PTBP1,A3SS
323,4019,ENSG00000090621.13,PABPC4,chr1,-,39562322,39562416,39562322,39562380,39563613,39563741,4019,"174,144","1,3","448,292","0,0",135,99,0.573404775942,1.0,"0.992,0.972","1.0,1.0",-0.018,K562,NAA15,A3SS
324,4033,ENSG00000090621.13,PABPC4,chr1,-,39562322,39562416,39562322,39562380,39563613,39563741,4033,"315,370","0,3","188,217","1,3",135,99,1.0,1.0,"1.0,0.989","0.993,0.981",0.007,K562,ABCF1,A3SS
325,3982,ENSG00000090621.13,PABPC4,chr1,-,39562322,39562416,39562322,39562380,39563613,39563741,3982,"239,233","0,4","188,217","1,3",135,99,0.947098575523,1.0,"1.0,0.977","0.993,0.981",0.001,K562,STAU1,A3SS
326,3881,ENSG00000090621.13,PABPC4,chr1,-,39562322,39562416,39562322,39562380,39563613,39563741,3881,"226,379","1,0","245,216","1,1",135,99,1.0,1.0,"0.994,1.0","0.994,0.994",0.003,K562,YBX3,A3SS
327,3844,ENSG00000090621.13,PABPC4,chr1,-,39562322,39562416,39562322,39562380,39563613,39563741,3844,"7,6","0,0","49,62","0,4",135,99,0.216904301904,0.9050624009836834,"1.0,1.0","1.0,0.919",0.04,K562,PABPC4,A3SS
328,4042,ENSG00000090621.13,PABPC4,chr1,-,39562322,39562416,39562322,39562380,39563613,39563741,4042,"284,345","1,4","448,292","0,0",135,99,1.0,1.0,"0.995,0.984","1.0,1.0",-0.01,K562,CCDC124,A3SS
329,4190,ENSG00000090621.13,PABPC4,chr1,-,39562322,39562416,39562322,39562380,39563613,39563741,4190,"779,546","2,1","356,908","2,3",135,99,1.0,1.0,"0.997,0.998","0.992,0.996",0.004,K562,EIF4G2,A3SS
330,3970,ENSG00000090621.13,PABPC4,chr1,-,39562322,39562416,39562322,39562380,39563613,39563741,3970,"416,412","1,1","322,160","1,2",135,99,1.0,1.0,"0.997,0.997","0.996,0.983",0.007,K562,BCLAF1,A3SS
331,3971,ENSG00000090621.13,PABPC4,chr1,-,39569862,39570002,39569862,39569990,39571233,39571349,3971,"605,719","0,0","681,500","1,0",111,99,1.0,1.0,"1.0,1.0","0.998,1.0",0.001,K562,BCLAF1,A3SS
332,3896,ENSG00000090621.13,PABPC4,chr1,-,39562322,39562416,39562322,39562380,39563613,39563741,3896,"279,344","1,1","387,291","0,0",135,99,1.0,1.0,"0.995,0.996","1.0,1.0",-0.004,K562,DDX3X,A3SS
333,3879,ENSG00000090621.13,PABPC4,chr1,-,39562322,39562416,39562322,39562380,39563613,39563741,3879,"156,290","1,2","99,193","0,0",135,99,1.0,1.0,"0.991,0.991","1.0,1.0",-0.009,K562,SERBP1,A3SS
334,3935,ENSG00000090621.13,PABPC4,chr1,-,39562322,39562416,39562322,39562380,39563613,39563741,3935,"92,150","0,6","135,187","0,1",135,99,0.164832975428,0.6197776747855841,"1.0,0.948","1.0,0.993",-0.022,K562,SART3,A3SS
335,4023,ENSG00000090621.13,PABPC4,chr1,-,39562322,39562416,39562322,39562380,39563613,39563741,4023,"278,467","1,3","217,373","4,2",135,99,0.682554422073,1.0,"0.995,0.991","0.975,0.993",0.009,K562,EXOSC9,A3SS
336,4056,ENSG00000090621.13,PABPC4,chr1,-,39562322,39562416,39562322,39562380,39563613,39563741,4056,"188,419","1,0","448,292","0,0",135,99,1.0,1.0,"0.993,1.0","1.0,1.0",-0.004,K562,KIF1C,A3SS
337,3945,ENSG00000090621.13,PABPC4,chr1,-,39562322,39562416,39562322,39562380,39563613,39563741,3945,"241,290","2,2","217,373","4,2",135,99,0.681421338542,1.0,"0.989,0.991","0.975,0.993",0.006,K562,NFX1,A3SS
338,4073,ENSG00000090621.13,PABPC4,chr1,-,39562322,39562416,39562322,39562380,39563613,39563741,4073,"526,299","2,1","448,292","0,0",135,99,1.0,1.0,"0.995,0.995","1.0,1.0",-0.005,K562,MBNL1,A3SS
339,3935,ENSG00000090621.13,PABPC4,chr1,-,39562322,39562416,39562322,39562380,39563613,39563741,3935,"355,366","1,1","99,193","0,0",135,99,1.0,1.0,"0.996,0.996","1.0,1.0",-0.004,K562,EEF2,A3SS
340,3956,ENSG00000090621.13,PABPC4,chr1,-,39562322,39562416,39562322,39562380,39563613,39563741,3956,"281,290","2,3","217,373","4,2",135,99,0.703809787045,1.0,"0.99,0.986","0.975,0.993",0.004,K562,SMNDC1,A3SS
341,4218,ENSG00000090621.13,PABPC4,chr1,-,39562322,39562416,39562322,39562380,39563613,39563741,4218,"805,483","9,2","356,908","2,3",135,99,0.882439930521,1.0,"0.985,0.994","0.992,0.996",-0.004,K562,PNPT1,A3SS
342,3931,ENSG00000090621.13,PABPC4,chr1,-,39562322,39562416,39562322,39562380,39563613,39563741,3931,"126,66","2,0","94,77","1,3",135,99,0.455668108807,1.0,"0.979,1.0","0.986,0.95",0.022,K562,FMR1,A3SS
343,3863,ENSG00000090621.13,PABPC4,chr1,-,39562322,39562416,39562322,39562380,39563613,39563741,3863,"266,192","0,0","245,216","1,1",135,99,1.0,1.0,"1.0,1.0","0.994,0.994",0.006,K562,ILF3,A3SS
344,4010,ENSG00000090621.13,PABPC4,chr1,-,39562322,39562416,39562322,39562380,39563613,39563741,4010,"312,344","2,2","448,292","0,0",135,99,1.0,1.0,"0.991,0.992","1.0,1.0",-0.008,K562,ATP5C1,A3SS
345,3993,ENSG00000090621.13,PABPC4,chr1,-,39562322,39562416,39562322,39562380,39563613,39563741,3993,"183,122","1,0","109,240","0,2",135,99,1.0,1.0,"0.993,1.0","1.0,0.989",0.002,K562,HNRNPA2B1,A3SS
346,3816,ENSG00000090621.13,PABPC4,chr1,-,39562322,39562416,39562322,39562380,39563613,39563741,3816,"45,37","1,0","78,70","0,0",135,99,1.0,1.0,"0.971,1.0","1.0,1.0",-0.014,K562,HNRNPU,A3SS
347,3826,ENSG00000090621.13,PABPC4,chr1,-,39562322,39562416,39562322,39562380,39563613,39563741,3826,"41,42","0,0","43,59","0,4",135,99,0.235514926785,0.9938783777710128,"1.0,1.0","1.0,0.915",0.042,K562,NUP35,A3SS
348,3916,ENSG00000090621.13,PABPC4,chr1,-,39562322,39562416,39562322,39562380,39563613,39563741,3916,"122,59","0,0","135,187","0,1",135,99,1.0,1.0,"1.0,1.0","1.0,0.993",0.004,K562,HNRNPA0,A3SS
349,4048,ENSG00000090621.13,PABPC4,chr1,-,39562322,39562416,39562322,39562380,39563613,39563741,4048,"346,322","2,1","448,292","0,0",135,99,1.0,1.0,"0.992,0.996","1.0,1.0",-0.006,K562,AGGF1,A3SS
350,3908,ENSG00000090621.13,PABPC4,chr1,-,39562322,39562416,39562322,39562380,39563613,39563741,3908,"270,260","0,1","387,291","0,0",135,99,1.0,1.0,"1.0,0.995","1.0,1.0",-0.002,K562,AKAP1,A3SS
351,4096,ENSG00000090621.13,PABPC4,chr1,-,39562322,39562416,39562322,39562380,39563613,39563741,4096,"259,354","4,2","398,444","3,4",135,99,0.731951370609,1.0,"0.979,0.992","0.99,0.988",-0.003,K562,SF3A3,A3SS
352,3864,ENSG00000090621.13,PABPC4,chr1,-,39562322,39562416,39562322,39562380,39563613,39563741,3864,"56,78","1,1","81,70","1,1",135,99,0.75831973128,1.0,"0.976,0.983","0.983,0.981",-0.002,K562,HDGF,A3SS
353,4045,ENSG00000090621.13,PABPC4,chr1,-,39562322,39562416,39562322,39562380,39563613,39563741,4045,"433,336","1,2","448,292","0,0",135,99,1.0,1.0,"0.997,0.992","1.0,1.0",-0.006,K562,DKC1,A3SS
354,3881,ENSG00000090621.13,PABPC4,chr1,-,39562322,39562416,39562322,39562380,39563613,39563741,3881,"165,134","0,1","245,216","1,1",135,99,1.0,1.0,"1.0,0.99","0.994,0.994",0.001,K562,KHDRBS1,A3SS
355,3912,ENSG00000090621.13,PABPC4,chr1,-,39562322,39562416,39562322,39562380,39563613,39563741,3912,"305,372","2,2","387,291","0,0",135,99,1.0,1.0,"0.991,0.993","1.0,1.0",-0.008,K562,DDX24,A3SS
356,3977,ENSG00000090621.13,PABPC4,chr1,-,39562322,39562416,39562322,39562380,39563613,39563741,3977,"120,166","1,1","109,240","0,2",135,99,1.0,1.0,"0.989,0.992","1.0,0.989",-0.004,K562,SF1,A3SS
357,3999,ENSG00000090621.13,PABPC4,chr1,-,39562322,39562416,39562322,39562380,39563613,39563741,3999,"338,368","3,2","398,444","3,4",135,99,1.0,1.0,"0.988,0.993","0.99,0.988",0.001,K562,NUFIP2,A3SS
358,4064,ENSG00000090621.13,PABPC4,chr1,-,39562322,39562416,39562322,39562380,39563613,39563741,4064,"281,222","1,4","448,292","0,0",135,99,0.76258837064,1.0,"0.995,0.976","1.0,1.0",-0.014,K562,UTP18,A3SS
359,3889,ENSG00000090621.13,PABPC4,chr1,-,39562322,39562416,39562322,39562380,39563613,39563741,3889,"176,113","1,0","184,254","2,2",135,99,1.0,1.0,"0.992,1.0","0.985,0.989",0.009,K562,TIAL1,A3SS
360,3935,ENSG00000090621.13,PABPC4,chr1,-,39562322,39562416,39562322,39562380,39563613,39563741,3935,"237,137","0,0","135,187","0,1",135,99,1.0,1.0,"1.0,1.0","1.0,0.993",0.004,K562,SMN1,A3SS
361,3863,ENSG00000090621.13,PABPC4,chr1,-,39562322,39562416,39562322,39562380,39563613,39563741,3863,"96,117","2,2","118,65","3,1",135,99,0.883339772823,1.0,"0.972,0.977","0.966,0.979",0.002,K562,RPS10,A3SS
362,3994,ENSG00000090621.13,PABPC4,chr1,-,39562322,39562416,39562322,39562380,39563613,39563741,3994,"303,281","7,2","188,217","1,3",135,99,0.293750308021,0.9782258315052098,"0.969,0.99","0.993,0.981",-0.007,K562,PPIG,A3SS
363,4231,ENSG00000090621.13,PABPC4,chr1,-,39562322,39562416,39562322,39562380,39563613,39563741,4231,"690,687","3,2","356,908","2,3",135,99,1.0,1.0,"0.994,0.996","0.992,0.996",0.001,K562,PUM2,A3SS
364,4046,ENSG00000090621.13,PABPC4,chr1,-,39562322,39562416,39562322,39562380,39563613,39563741,4046,"322,372","1,2","398,444","3,4",135,99,1.0,1.0,"0.996,0.993","0.99,0.988",0.005,K562,SRPK2,A3SS
365,3761,ENSG00000090621.13,PABPC4,chr1,-,39562322,39562416,39562322,39562380,39563613,39563741,3761,"27,37","1,1","58,48","0,0",135,99,0.282634973432,1.0,"0.952,0.964","1.0,1.0",-0.042,K562,PAPOLA,A3SS
366,3937,ENSG00000090621.13,PABPC4,chr1,-,39562322,39562416,39562322,39562380,39563613,39563741,3937,"264,241","3,2","217,373","4,2",135,99,0.798765897782,1.0,"0.985,0.989","0.975,0.993",0.003,K562,HLTF,A3SS
367,3892,ENSG00000090621.13,PABPC4,chr1,-,39562322,39562416,39562322,39562380,39563613,39563741,3892,"109,137","0,4","81,70","1,1",135,99,0.675430204475,1.0,"1.0,0.962","0.983,0.981",-0.001,K562,NKRF,A3SS
368,3878,ENSG00000090621.13,PABPC4,chr1,-,39562322,39562416,39562322,39562380,39563613,39563741,3878,"180,65","0,1","135,187","0,1",135,99,1.0,1.0,"1.0,0.979","1.0,0.993",-0.007,K562,PPIL4,A3SS
369,3994,ENSG00000090621.13,PABPC4,chr1,-,39562322,39562416,39562322,39562380,39563613,39563741,3994,"375,363","1,2","322,160","1,2",135,99,1.0,1.0,"0.996,0.993","0.996,0.983",0.005,K562,BCCIP,A3SS
370,3995,ENSG00000090621.13,PABPC4,chr1,-,39569862,39570002,39569862,39569990,39571233,39571349,3995,"616,550","0,0","681,500","1,0",111,99,1.0,1.0,"1.0,1.0","0.998,1.0",0.001,K562,BCCIP,A3SS
371,4209,ENSG00000090621.13,PABPC4,chr1,-,39562322,39562416,39562322,39562380,39563613,39563741,4209,"612,387","3,0","334,415","9,2",135,99,0.209791033751,0.8117380458672321,"0.993,1.0","0.965,0.993",0.017,K562,GRSF1,A3SS
372,4013,ENSG00000090621.13,PABPC4,chr1,-,39562322,39562416,39562322,39562380,39563613,39563741,4013,"290,363","0,0","109,240","0,2",135,99,1.0,1.0,"1.0,1.0","1.0,0.989",0.006,K562,DROSHA,A3SS
373,3919,ENSG00000090621.13,PABPC4,chr1,-,39562322,39562416,39562322,39562380,39563613,39563741,3919,"233,268","1,1","99,193","0,0",135,99,1.0,1.0,"0.994,0.995","1.0,1.0",-0.006,K562,UCHL5,A3SS
374,3859,ENSG00000090621.13,PABPC4,chr1,-,39562322,39562416,39562322,39562380,39563613,39563741,3859,"227,206","1,0","184,254","2,2",135,99,1.0,1.0,"0.994,1.0","0.985,0.989",0.01,K562,SRFBP1,A3SS
375,4135,ENSG00000090621.13,PABPC4,chr1,-,39562322,39562416,39562322,39562380,39563613,39563741,4135,"753,852","8,2","334,415","9,2",135,99,0.225843989264,0.837633493615482,"0.986,0.997","0.965,0.993",0.013,K562,RBM17,A3SS
376,3941,ENSG00000090621.13,PABPC4,chr1,-,39562322,39562416,39562322,39562380,39563613,39563741,3941,"289,361","2,3","99,193","0,0",135,99,1.0,1.0,"0.991,0.989","1.0,1.0",-0.01,K562,DDX51,A3SS
377,3883,ENSG00000090621.13,PABPC4,chr1,-,39562322,39562416,39562322,39562380,39563613,39563741,3883,"64,119","0,3","118,65","3,1",135,99,0.613111113328,1.0,"1.0,0.967","0.966,0.979",0.011,K562,AGO1,A3SS
378,3977,ENSG00000090621.13,PABPC4,chr1,-,39562322,39562416,39562322,39562380,39563613,39563741,3977,"209,213","2,4","188,217","1,3",135,99,0.546244187845,1.0,"0.987,0.975","0.993,0.981",-0.006,K562,SSRP1,A3SS
379,3920,ENSG00000090621.13,PABPC4,chr1,-,39562322,39562416,39562322,39562380,39563613,39563741,3920,"130,171","3,1","115,111","1,0",135,99,0.558843013225,1.0,"0.969,0.992","0.988,1.0",-0.014,K562,NELFE,A3SS
380,3968,ENSG00000090621.13,PABPC4,chr1,-,39562322,39562416,39562322,39562380,39563613,39563741,3968,"264,208","0,2","109,240","0,2",135,99,1.0,1.0,"1.0,0.987","1.0,0.989",-0.001,K562,SFPQ,A3SS
381,4031,ENSG00000090621.13,PABPC4,chr1,-,39562322,39562416,39562322,39562380,39563613,39563741,4031,"299,222","2,1","99,193","0,0",135,99,1.0,1.0,"0.991,0.994","1.0,1.0",-0.008,K562,EFTUD2,A3SS
382,3905,ENSG00000090621.13,PABPC4,chr1,-,39562322,39562416,39562322,39562380,39563613,39563741,3905,"194,371","1,3","184,254","2,2",135,99,1.0,1.0,"0.993,0.989","0.985,0.989",0.004,K562,NUSAP1,A3SS
383,3879,ENSG00000090621.13,PABPC4,chr1,-,39562322,39562416,39562322,39562380,39563613,39563741,3879,"187,237","1,1","184,254","2,2",135,99,1.0,1.0,"0.993,0.994","0.985,0.989",0.007,K562,RCC2,A3SS
384,3919,ENSG00000090621.13,PABPC4,chr1,-,39562322,39562416,39562322,39562380,39563613,39563741,3919,"349,354","3,1","99,193","0,0",135,99,1.0,1.0,"0.988,0.996","1.0,1.0",-0.008,K562,XRN2,A3SS
385,3916,ENSG00000090621.13,PABPC4,chr1,-,39562322,39562416,39562322,39562380,39563613,39563741,3916,"262,341","0,0","184,254","2,2",135,99,1.0,1.0,"1.0,1.0","0.985,0.989",0.013,K562,LIN28B,A3SS
386,3981,ENSG00000090621.13,PABPC4,chr1,-,39562322,39562416,39562322,39562380,39563613,39563741,3981,"412,488","1,0","548,451","3,3",135,99,1.0,1.0,"0.997,1.0","0.993,0.991",0.006,K562,HNRNPA1,A3SS
387,3962,ENSG00000090621.13,PABPC4,chr1,-,39562322,39562416,39562322,39562380,39563613,39563741,3962,"293,301","2,4","217,373","4,2",135,99,0.905383377557,1.0,"0.991,0.982","0.975,0.993",0.002,K562,AATF,A3SS
388,4033,ENSG00000090621.13,PABPC4,chr1,-,39562322,39562416,39562322,39562380,39563613,39563741,4033,"395,270","2,4","448,292","0,0",135,99,0.939882319537,1.0,"0.993,0.98","1.0,1.0",-0.014,K562,AKAP8,A3SS
389,4088,ENSG00000090621.13,PABPC4,chr1,-,39562322,39562416,39562322,39562380,39563613,39563741,4088,"218,407","1,4","448,292","0,0",135,99,1.0,1.0,"0.994,0.987","1.0,1.0",-0.01,K562,PUS1,A3SS
390,3900,ENSG00000090621.13,PABPC4,chr1,-,39562322,39562416,39562322,39562380,39563613,39563741,3900,"224,286","0,0","184,254","2,2",135,99,1.0,1.0,"1.0,1.0","0.985,0.989",0.013,K562,HNRNPF,A3SS
391,3908,ENSG00000090621.13,PABPC4,chr1,-,39562322,39562416,39562322,39562380,39563613,39563741,3908,"247,202","5,1","99,193","0,0",135,99,0.77681775118,1.0,"0.973,0.993","1.0,1.0",-0.017,K562,PA2G4,A3SS
392,4207,ENSG00000090621.13,PABPC4,chr1,-,39562322,39562416,39562322,39562380,39563613,39563741,4207,"486,537","2,7","356,908","2,3",135,99,0.831508737831,1.0,"0.994,0.983","0.992,0.996",-0.006,K562,MSI2,A3SS
393,3933,ENSG00000090621.13,PABPC4,chr1,-,39562322,39562416,39562322,39562380,39563613,39563741,3933,"112,84","0,0","135,187","0,1",135,99,1.0,1.0,"1.0,1.0","1.0,0.993",0.004,K562,ILF2,A3SS
394,4022,ENSG00000090621.13,PABPC4,chr1,-,39562322,39562416,39562322,39562380,39563613,39563741,4022,"231,283","2,3","398,444","3,4",135,99,0.76990540665,1.0,"0.988,0.986","0.99,0.988",-0.002,K562,MTPAP,A3SS
395,3959,ENSG00000090621.13,PABPC4,chr1,-,39562322,39562416,39562322,39562380,39563613,39563741,3959,"207,104","0,0","135,187","0,1",135,99,1.0,1.0,"1.0,1.0","1.0,0.993",0.004,K562,PABPC1,A3SS
396,3993,ENSG00000090621.13,PABPC4,chr1,-,39562322,39562416,39562322,39562380,39563613,39563741,3993,"251,256","1,5","109,240","0,2",135,99,0.667780418742,1.0,"0.995,0.974","1.0,0.989",-0.01,K562,PPP1R8,A3SS
397,3877,ENSG00000090621.13,PABPC4,chr1,-,39562322,39562416,39562322,39562380,39563613,39563741,3877,"32,13","0,1","49,62","0,4",135,99,0.21074905776,0.6949095360701397,"1.0,0.905","1.0,0.919",-0.007,K562,U2AF1,A3SS
398,3896,ENSG00000090621.13,PABPC4,chr1,-,39562322,39562416,39562322,39562380,39563613,39563741,3896,"194,176","3,3","118,65","3,1",135,99,0.834504075324,1.0,"0.979,0.977","0.966,0.979",0.006,K562,EIF3G,A3SS
399,4138,ENSG00000090621.13,PABPC4,chr1,-,39562322,39562416,39562322,39562380,39563613,39563741,4138,"504,687","2,5","586,516","0,2",135,99,1.0,1.0,"0.995,0.99","1.0,0.995",-0.005,K562,TROVE2,A3SS
400,3868,ENSG00000090621.13,PABPC4,chr1,-,39562322,39562416,39562322,39562380,39563613,39563741,3868,"241,242","2,1","245,216","1,1",135,99,1.0,1.0,"0.989,0.994","0.994,0.994",-0.002,K562,CCAR1,A3SS
401,3822,ENSG00000090621.13,PABPC4,chr1,-,39562322,39562416,39562322,39562380,39563613,39563741,3822,"58,9","4,1","49,62","0,4",135,99,0.329192838112,1.0,"0.914,0.868","1.0,0.919",-0.069,K562,RAVER1,A3SS
402,3938,ENSG00000090621.13,PABPC4,chr1,-,39562322,39562416,39562322,39562380,39563613,39563741,3938,"318,385","1,1","99,193","0,0",135,99,1.0,1.0,"0.996,0.996","1.0,1.0",-0.004,K562,DDX28,A3SS
403,3905,ENSG00000090621.13,PABPC4,chr1,-,39562322,39562416,39562322,39562380,39563613,39563741,3905,"119,98","2,0","188,217","1,3",135,99,1.0,1.0,"0.978,1.0","0.993,0.981",0.002,K562,HNRNPM,A3SS
404,3852,ENSG00000090621.13,PABPC4,chr1,-,39562322,39562416,39562322,39562380,39563613,39563741,3852,"176,160","0,1","77,113","0,1",135,99,1.0,1.0,"1.0,0.992","1.0,0.988",0.002,K562,CKAP4,A3SS
405,4009,ENSG00000090621.13,PABPC4,chr1,-,39562322,39562416,39562322,39562380,39563613,39563741,4009,"521,518","3,0","548,451","3,3",135,99,1.0,1.0,"0.992,1.0","0.993,0.991",0.004,K562,UPF2,A3SS
406,3959,ENSG00000090621.13,PABPC4,chr1,-,39562322,39562416,39562322,39562380,39563613,39563741,3959,"196,266","0,4","217,373","4,2",135,99,0.684157887206,1.0,"1.0,0.98","0.975,0.993",0.006,K562,ZRANB2,A3SS
407,3938,ENSG00000090621.13,PABPC4,chr1,-,39562322,39562416,39562322,39562380,39563613,39563741,3938,"118,277","0,0","115,111","1,0",135,99,1.0,1.0,"1.0,1.0","0.988,1.0",0.006,K562,KHSRP,A3SS
408,4060,ENSG00000090621.13,PABPC4,chr1,-,39562322,39562416,39562322,39562380,39563613,39563741,4060,"337,282","0,1","448,292","0,0",135,99,1.0,1.0,"1.0,0.995","1.0,1.0",-0.002,K562,AKAP8L,A3SS
409,3951,ENSG00000090621.13,PABPC4,chr1,-,39562322,39562416,39562322,39562380,39563613,39563741,3951,"76,130","1,2","115,111","1,0",135,99,0.516081256113,1.0,"0.982,0.979","0.988,1.0",-0.014,K562,PCBP2,A3SS
410,3745,ENSG00000090621.13,PABPC4,chr1,-,39562322,39562416,39562322,39562380,39563613,39563741,3745,"31,64","2,0","58,48","0,0",135,99,0.792925069371,1.0,"0.919,1.0","1.0,1.0",-0.04,K562,TAF15,A3SS
411,4007,ENSG00000090621.13,PABPC4,chr1,-,39562322,39562416,39562322,39562380,39563613,39563741,4007,"280,296","3,2","398,444","3,4",135,99,1.0,1.0,"0.986,0.991","0.99,0.988",-0.001,K562,WDR3,A3SS
412,4026,ENSG00000090621.13,PABPC4,chr1,-,39562322,39562416,39562322,39562380,39563613,39563741,4026,"146,140","1,1","109,240","0,2",135,99,1.0,1.0,"0.991,0.99","1.0,0.989",-0.004,K562,SNRNP200,A3SS
413,3912,ENSG00000090621.13,PABPC4,chr1,-,39562322,39562416,39562322,39562380,39563613,39563741,3912,"127,163","0,1","94,77","1,3",135,99,0.932415797501,1.0,"1.0,0.992","0.986,0.95",0.028,K562,CPSF6,A3SS
414,3852,ENSG00000090621.13,PABPC4,chr1,-,39562322,39562416,39562322,39562380,39563613,39563741,3852,"22,30","0,4","49,62","0,4",135,99,0.520085429034,1.0,"1.0,0.846","1.0,0.919",-0.036,K562,TBRG4,A3SS
415,4010,ENSG00000090621.13,PABPC4,chr1,-,39562322,39562416,39562322,39562380,39563613,39563741,4010,"253,123","0,0","109,240","0,2",135,99,1.0,1.0,"1.0,1.0","1.0,0.989",0.006,K562,RBM39,A3SS
416,3927,ENSG00000090621.13,PABPC4,chr1,-,39562322,39562416,39562322,39562380,39563613,39563741,3927,"285,254","2,1","322,160","1,2",135,99,1.0,1.0,"0.991,0.995","0.996,0.983",0.003,K562,DDX27,A3SS
417,3928,ENSG00000090621.13,PABPC4,chr1,-,39569862,39570002,39569862,39569990,39571233,39571349,3928,"519,531","0,0","681,500","1,0",111,99,1.0,1.0,"1.0,1.0","0.998,1.0",0.001,K562,DDX27,A3SS
418,3829,ENSG00000090621.13,PABPC4,chr1,-,39562322,39562416,39562322,39562380,39563613,39563741,3829,"64,64","3,0","118,65","3,1",135,99,0.874178458719,1.0,"0.94,1.0","0.966,0.979",-0.002,K562,FUS,A3SS
419,3871,ENSG00000090621.13,PABPC4,chr1,-,39562322,39562416,39562322,39562380,39563613,39563741,3871,"285,252","0,0","245,216","1,1",135,99,1.0,1.0,"1.0,1.0","0.994,0.994",0.006,K562,DHX30,A3SS
420,4202,ENSG00000090621.13,PABPC4,chr1,-,39562322,39562416,39562322,39562380,39563613,39563741,4202,"513,727","0,1","356,908","2,3",135,99,1.0,1.0,"1.0,0.998","0.992,0.996",0.005,K562,PUM1,A3SS
421,3923,ENSG00000090621.13,PABPC4,chr1,-,39562322,39562416,39562322,39562380,39563613,39563741,3923,"320,311","1,1","387,291","0,0",135,99,1.0,1.0,"0.996,0.996","1.0,1.0",-0.004,K562,EIF4B,A3SS
422,4044,ENSG00000090621.13,PABPC4,chr1,-,39562322,39562416,39562322,39562380,39563613,39563741,4044,"300,303","4,3","398,444","3,4",135,99,0.851228566614,1.0,"0.982,0.987","0.99,0.988",-0.005,K562,WDR43,A3SS
423,3879,ENSG00000090621.13,PABPC4,chr1,-,39562322,39562416,39562322,39562380,39563613,39563741,3879,"299,214","0,0","245,216","1,1",135,99,1.0,1.0,"1.0,1.0","0.994,0.994",0.006,K562,DNAJC2,A3SS
424,4028,ENSG00000090621.13,PABPC4,chr1,-,39562322,39562416,39562322,39562380,39563613,39563741,4028,"222,330","2,6","188,217","1,3",135,99,0.380752513593,1.0,"0.988,0.976","0.993,0.981",-0.005,K562,HSPD1,A3SS
425,4017,ENSG00000090621.13,PABPC4,chr1,-,39562322,39562416,39562322,39562380,39563613,39563741,4017,"502,540","1,2","548,451","3,3",135,99,1.0,1.0,"0.997,0.995","0.993,0.991",0.004,K562,PKM,A3SS
426,3925,ENSG00000090621.13,PABPC4,chr1,-,39562322,39562416,39562322,39562380,39563613,39563741,3925,"188,268","1,2","115,111","1,0",135,99,1.0,1.0,"0.993,0.99","0.988,1.0",-0.002,K562,RBM34,A3SS
427,3873,ENSG00000090621.13,PABPC4,chr1,-,39562322,39562416,39562322,39562380,39563613,39563741,3873,"46,39","1,2","43,59","0,4",135,99,0.639625912536,1.0,"0.971,0.935","1.0,0.915",-0.004,K562,PRPF4,A3SS
428,3993,ENSG00000090621.13,PABPC4,chr1,-,39562322,39562416,39562322,39562380,39563613,39563741,3993,"261,297","4,2","217,373","4,2",135,99,1.0,1.0,"0.98,0.991","0.975,0.993",0.002,K562,RTF1,A3SS
429,3961,ENSG00000090621.13,PABPC4,chr1,-,39562322,39562416,39562322,39562380,39563613,39563741,3961,"107,163","0,0","109,240","0,2",135,99,1.0,1.0,"1.0,1.0","1.0,0.989",0.006,K562,LARP4,A3SS
430,3868,ENSG00000090621.13,PABPC4,chr1,-,39562322,39562416,39562322,39562380,39563613,39563741,3868,"73,67","0,4","43,59","0,4",135,99,0.809305685969,1.0,"1.0,0.925","1.0,0.915",0.005,K562,ABT1,A3SS
431,3734,ENSG00000090621.13,PABPC4,chr1,-,39562322,39562416,39562322,39562380,39563613,39563741,3734,"36,52","1,0","24,15","0,0",135,99,1.0,1.0,"0.964,1.0","1.0,1.0",-0.018,K562,FXR2,A3SS
432,3883,ENSG00000090621.13,PABPC4,chr1,-,39562322,39562416,39562322,39562380,39563613,39563741,3883,"127,124","0,0","94,77","1,3",135,99,0.937555852866,1.0,"1.0,1.0","0.986,0.95",0.032,K562,GPKOW,A3SS
433,3952,ENSG00000090621.13,PABPC4,chr1,-,39562322,39562416,39562322,39562380,39563613,39563741,3952,"226,294","0,1","115,111","1,0",135,99,1.0,1.0,"1.0,0.995","0.988,1.0",0.004,K562,IGF2BP2,A3SS
434,3858,ENSG00000090621.13,PABPC4,chr1,-,39562322,39562416,39562322,39562380,39563613,39563741,3858,"104,101","1,5","99,193","0,0",135,99,0.100031812758,0.7709702230897018,"0.987,0.937","1.0,1.0",-0.038,K562,FAM120A,A3SS
435,3925,ENSG00000090621.13,PABPC4,chr1,-,39562322,39562416,39562322,39562380,39563613,39563741,3925,"187,212","0,0","217,373","4,2",135,99,0.686935187436,1.0,"1.0,1.0","0.975,0.993",0.016,K562,PRPF6,A3SS
436,4046,ENSG00000090621.13,PABPC4,chr1,-,39562322,39562416,39562322,39562380,39563613,39563741,4046,"365,284","1,1","338,366","1,2",135,99,1.0,1.0,"0.996,0.995","0.996,0.993",0.001,K562,HNRNPL,A3SS
437,3908,ENSG00000090621.13,PABPC4,chr1,-,39562322,39562416,39562322,39562380,39563613,39563741,3908,"63,129","0,2","115,111","1,0",135,99,1.0,1.0,"1.0,0.979","0.988,1.0",-0.004,K562,HNRNPK,A3SS
438,3899,ENSG00000090621.13,PABPC4,chr1,-,39562322,39562416,39562322,39562380,39563613,39563741,3899,"241,121","3,0","99,193","0,0",135,99,1.0,1.0,"0.983,1.0","1.0,1.0",-0.008,K562,TFIP11,A3SS
439,4172,ENSG00000090621.13,PABPC4,chr1,-,39562322,39562416,39562322,39562380,39563613,39563741,4172,"475,572","4,8","707,468","5,5",135,99,0.508188526261,1.0,"0.989,0.981","0.99,0.986",-0.003,K562,WRN,A3SS
440,3899,ENSG00000090621.13,PABPC4,chr1,-,39562322,39562416,39562322,39562380,39563613,39563741,3899,"143,269","1,2","99,193","0,0",135,99,1.0,1.0,"0.991,0.99","1.0,1.0",-0.01,K562,RRP9,A3SS
441,3973,ENSG00000090621.13,PABPC4,chr1,-,39562322,39562416,39562322,39562380,39563613,39563741,3973,"406,394","3,3","217,373","4,2",135,99,0.682620998556,1.0,"0.99,0.99","0.975,0.993",0.006,K562,CSTF2T,A3SS
442,3918,ENSG00000090621.13,PABPC4,chr1,-,39562322,39562416,39562322,39562380,39563613,39563741,3918,"267,309","1,0","387,291","0,0",135,99,1.0,1.0,"0.995,1.0","1.0,1.0",-0.002,K562,ASCC1,A3SS
443,3874,ENSG00000090621.13,PABPC4,chr1,-,39562322,39562416,39562322,39562380,39563613,39563741,3874,"252,242","0,1","245,216","1,1",135,99,1.0,1.0,"1.0,0.994","0.994,0.994",0.003,K562,CPSF7,A3SS
444,4037,ENSG00000090621.13,PABPC4,chr1,-,39562322,39562416,39562322,39562380,39563613,39563741,4037,"339,288","2,1","398,444","3,4",135,99,1.0,1.0,"0.992,0.995","0.99,0.988",0.005,K562,NSUN2,A3SS
445,4063,ENSG00000090621.13,PABPC4,chr1,-,39562322,39562416,39562322,39562380,39563613,39563741,4063,"318,310","2,0","448,292","0,0",135,99,1.0,1.0,"0.991,1.0","1.0,1.0",-0.004,K562,DDX19B,A3SS
446,3989,ENSG00000090621.13,PABPC4,chr1,-,39562322,39562416,39562322,39562380,39563613,39563741,3989,"277,313","4,3","99,193","0,0",135,99,0.78209855286,1.0,"0.981,0.987","1.0,1.0",-0.016,K562,SUPV3L1,A3SS
447,4157,ENSG00000090621.13,PABPC4,chr1,-,39562322,39562416,39562322,39562380,39563613,39563741,4157,"738,677","3,2","707,468","5,5",135,99,0.848001025674,1.0,"0.994,0.996","0.99,0.986",0.007,K562,AUH,A3SS
448,3955,ENSG00000090621.13,PABPC4,chr1,-,39562322,39562416,39562322,39562380,39563613,39563741,3955,"122,106","1,1","109,240","0,2",135,99,1.0,1.0,"0.989,0.987","1.0,0.989",-0.006,K562,XPO5,A3SS
