,ID,GeneID,geneSymbol,chr,strand,1stExonStart_0base,1stExonEnd,2ndExonStart_0base,2ndExonEnd,upstreamES,upstreamEE,downstreamES,downstreamEE,ID.1,IJC_SAMPLE_1,SJC_SAMPLE_1,IJC_SAMPLE_2,SJC_SAMPLE_2,IncFormLen,SkipFormLen,PValue,FDR,IncLevel1,IncLevel2,IncLevelDifference,cell_line,RBP,alt_splice_type
0,2723,ENSG00000090621.13,PABPC4,chr1,-,39565105,39565378,39567750,39567846,39564685,39564773,39568801,39568939,2723,"377,311","201,219","445,341","290,248",195,198,0.37993495442,0.8599517468524249,"0.656,0.59","0.609,0.583",0.027,HepG2,RAVER1,MXE
1,2270,ENSG00000090621.13,PABPC4,chr1,-,39563835,39563922,39564422,39564542,39563613,39563741,39564685,39564773,2270,"161,98","23,13","74,210","18,36",198,186,0.181086639144,0.8983289895856194,"0.868,0.876","0.794,0.846",0.052,HepG2,LSM11,MXE
2,2271,ENSG00000090621.13,PABPC4,chr1,-,39563835,39563922,39564470,39564542,39563613,39563741,39564685,39564773,2271,"120,81","23,13","56,168","18,36",171,186,0.205803209773,0.9171218147367372,"0.85,0.871","0.772,0.835",0.057,HepG2,LSM11,MXE
3,2788,ENSG00000090621.13,PABPC4,chr1,-,39567750,39567846,39569594,39569689,39565105,39565378,39569862,39570002,2788,"232,214","297,185","269,262","256,232",194,195,0.368542766023,0.7635485778280204,"0.44,0.538","0.514,0.532",-0.034,HepG2,SUPV3L1,MXE
4,2347,ENSG00000090621.13,PABPC4,chr1,-,39565105,39565378,39567750,39567846,39564685,39564773,39568801,39568939,2347,"361,336","275,306","215,319","128,342",195,198,0.890132348052,1.0,"0.571,0.527","0.63,0.486",-0.009,HepG2,LIN28B,MXE
5,2621,ENSG00000090621.13,PABPC4,chr1,-,39567750,39567846,39569594,39569689,39565105,39565378,39569862,39570002,2621,"302,352","407,402","269,262","256,232",194,195,0.0202992207386,0.1386953613774095,"0.427,0.468","0.514,0.532",-0.076,HepG2,XRN2,MXE
6,2224,ENSG00000090621.13,PABPC4,chr1,-,39565105,39565378,39567750,39567846,39564685,39564773,39568801,39568939,2224,"408,344","219,201","445,341","290,248",195,198,0.113142977597,0.5982897221183444,"0.654,0.635","0.609,0.583",0.049,HepG2,HLTF,MXE
7,2658,ENSG00000090621.13,PABPC4,chr1,-,39565105,39565378,39567750,39567846,39564685,39564773,39568801,39568939,2658,"1441,1269","102,107","839,1017","113,100",195,198,0.0053346533525,0.0777559522324341,"0.935,0.923","0.883,0.912",0.032,HepG2,SRSF3,MXE
8,2189,ENSG00000090621.13,PABPC4,chr1,-,39565105,39565378,39567750,39567846,39564685,39564773,39568801,39568939,2189,"254,264","162,213","445,341","290,248",195,198,0.723583076114,1.0,"0.614,0.557","0.609,0.583",-0.01,HepG2,SND1,MXE
9,2158,ENSG00000090621.13,PABPC4,chr1,-,39565105,39565378,39567750,39567846,39564685,39564773,39568801,39568939,2158,"350,275","172,140","445,341","290,248",195,198,0.01707826803,0.2299077480391185,"0.674,0.666","0.609,0.583",0.074,HepG2,SUB1,MXE
10,3058,ENSG00000090621.13,PABPC4,chr1,-,39565105,39565378,39567750,39567846,39564685,39564773,39568801,39568939,3058,"216,210","267,200","373,344","425,298",195,198,0.517812789998,0.9330451748119916,"0.451,0.516","0.471,0.54",-0.022,HepG2,SF3B4,MXE
11,3268,ENSG00000090621.13,PABPC4,chr1,-,39567750,39567846,39569594,39569689,39565105,39565378,39569862,39570002,3268,"183,173","219,184","321,355","330,343",194,195,0.350290905204,0.8110670195214013,"0.456,0.486","0.494,0.51",-0.031,HepG2,EIF4A3,MXE
12,2268,ENSG00000090621.13,PABPC4,chr1,-,39565105,39565378,39567750,39567846,39564685,39564773,39568801,39568939,2268,"439,454","257,169","445,341","290,248",195,198,0.013135278708,0.2528943251658612,"0.634,0.732","0.609,0.583",0.087,HepG2,RTF1,MXE
13,2375,ENSG00000090621.13,PABPC4,chr1,-,39565105,39565378,39567750,39567846,39564685,39564773,39568801,39568939,2375,"336,387","256,278","445,341","290,248",195,198,0.567665761021,1.0,"0.571,0.586","0.609,0.583",-0.017,HepG2,FUS,MXE
14,2301,ENSG00000090621.13,PABPC4,chr1,-,39565105,39565378,39567750,39567846,39564685,39564773,39568801,39568939,2301,"236,196","163,151","445,341","290,248",195,198,0.675803426183,1.0,"0.595,0.569","0.609,0.583",-0.014,HepG2,RPS10,MXE
15,3664,ENSG00000090621.13,PABPC4,chr1,-,39565105,39565378,39567750,39567846,39564685,39564773,39568801,39568939,3664,"187,171","253,236","355,349","315,361",195,198,0.007673488455,0.0729369825025309,"0.429,0.424","0.534,0.495",-0.088,HepG2,MAGOH,MXE
16,3665,ENSG00000090621.13,PABPC4,chr1,-,39567750,39567846,39569594,39569689,39565105,39565378,39569862,39570002,3665,"204,204","233,206","321,355","330,343",194,195,0.568384166548,0.903300020186308,"0.468,0.499","0.494,0.51",-0.018,HepG2,MAGOH,MXE
17,2796,ENSG00000090621.13,PABPC4,chr1,-,39567750,39567846,39568801,39568939,39565105,39565378,39569594,39569689,2796,"550,559","269,258","1223,1356","687,842",198,195,0.0624881721499,0.2675261243123771,"0.668,0.681","0.637,0.613",0.05,HepG2,SF3B1,MXE
18,2202,ENSG00000090621.13,PABPC4,chr1,-,39565105,39565378,39567750,39567846,39564685,39564773,39568801,39568939,2202,"393,285","217,255","445,341","290,248",195,198,0.899169634669,1.0,"0.648,0.532","0.609,0.583",-0.006,HepG2,SLTM,MXE
19,2664,ENSG00000090621.13,PABPC4,chr1,-,39565105,39565378,39567750,39567846,39564685,39564773,39568801,39568939,2664,"1047,1146","45,38","403,718","43,21",195,198,0.033968659242,0.0923725824515552,"0.959,0.968","0.905,0.972",0.025,HepG2,U2AF2,MXE
20,2285,ENSG00000090621.13,PABPC4,chr1,-,39565105,39565378,39567750,39567846,39564685,39564773,39568801,39568939,2285,"398,257","184,182","445,341","290,248",195,198,0.22811077879,0.7547925064052751,"0.687,0.589","0.609,0.583",0.042,HepG2,XRCC5,MXE
21,2406,ENSG00000090621.13,PABPC4,chr1,-,39565105,39565378,39567750,39567846,39564685,39564773,39568801,39568939,2406,"354,348","223,244","445,341","290,248",195,198,0.801864656159,1.0,"0.617,0.592","0.609,0.583",0.009,HepG2,PRPF6,MXE
22,2623,ENSG00000090621.13,PABPC4,chr1,-,39565105,39565378,39567750,39567846,39564685,39564773,39568801,39568939,2623,"235,215","151,151","327,261","273,290",195,198,0.0116070349247,0.1771862114242407,"0.612,0.591","0.549,0.477",0.088,HepG2,RRP9,MXE
23,2220,ENSG00000090621.13,PABPC4,chr1,-,39565105,39565378,39567750,39567846,39564685,39564773,39568801,39568939,2220,"576,553","105,65","839,1017","113,100",195,198,0.0842899365472,0.4553651601632758,"0.848,0.896","0.883,0.912",-0.025,HepG2,TARDBP,MXE
24,4298,ENSG00000090621.13,PABPC4,chr1,-,39562322,39562416,39563613,39563741,39562072,39562203,39564470,39564542,4298,"32,16","108,54","0,5","69,99",198,193,6.00979488397e-10,5.2801100538101036e-08,"0.224,0.224","0.0,0.047",0.201,HepG2,U2AF1,MXE
25,4299,ENSG00000090621.13,PABPC4,chr1,-,39565105,39565378,39567750,39567846,39564685,39564773,39568801,39568939,4299,"565,443","172,82","267,404","89,162",195,198,0.0063301980912,0.0580051262244222,"0.769,0.846","0.753,0.717",0.073,HepG2,U2AF1,MXE
26,2264,ENSG00000090621.13,PABPC4,chr1,-,39565105,39565378,39567750,39567846,39564685,39564773,39568801,39568939,2264,"233,161","47,44","839,1017","113,100",195,198,6.60376127563e-05,0.0036160516877975,"0.834,0.788","0.883,0.912",-0.087,HepG2,CPSF6,MXE
27,2519,ENSG00000090621.13,PABPC4,chr1,-,39565105,39565378,39567750,39567846,39564685,39564773,39568801,39568939,2519,"236,201","117,139","445,341","290,248",195,198,0.277669535949,0.7912980189160093,"0.672,0.595","0.609,0.583",0.037,HepG2,PCBP2,MXE
28,2411,ENSG00000090621.13,PABPC4,chr1,-,39565105,39565378,39567750,39567846,39564685,39564773,39568801,39568939,2411,"393,424","273,276","445,341","290,248",195,198,0.86784136793,1.0,"0.594,0.609","0.609,0.583",0.005,HepG2,SMNDC1,MXE
29,2523,ENSG00000090621.13,PABPC4,chr1,-,39565105,39565378,39567750,39567846,39564685,39564773,39568801,39568939,2523,"475,489","259,213","445,341","290,248",195,198,0.00752126340378,0.1379491183078433,"0.651,0.7","0.609,0.583",0.08,HepG2,XRCC6,MXE
30,2945,ENSG00000090621.13,PABPC4,chr1,-,39562072,39562203,39562322,39562416,39561684,39561787,39563613,39563741,2945,"186,170","524,599","295,326","717,801",193,198,0.0435249426799,0.4116184456086347,"0.267,0.226","0.297,0.295",-0.049,K562,GLRX3,MXE
31,2946,ENSG00000090621.13,PABPC4,chr1,-,39562072,39562203,39562322,39562380,39561686,39561787,39563613,39563741,2946,"0,1","524,599","0,0","717,801",157,198,1.0,1.0,"0.0,0.002","0.0,0.0",0.001,K562,GLRX3,MXE
32,2947,ENSG00000090621.13,PABPC4,chr1,-,39565105,39565378,39567750,39567846,39564685,39564773,39568801,39568939,2947,"961,724","422,418","929,1210","498,577",195,198,0.967071838201,1.0,"0.698,0.638","0.654,0.68",0.001,K562,GLRX3,MXE
33,2948,ENSG00000090621.13,PABPC4,chr1,-,39567750,39567846,39568801,39568939,39565105,39565378,39569594,39569689,2948,"1161,1057","882,923","1571,2040","1096,1255",198,195,0.0439728482724,0.4116184456086347,"0.565,0.53","0.585,0.616",-0.053,K562,GLRX3,MXE
34,2687,ENSG00000090621.13,PABPC4,chr1,-,39565105,39565378,39567750,39567846,39564685,39564773,39568801,39568939,2687,"685,580","662,519","717,848","566,535",195,198,0.0157617706201,0.1531700778577044,"0.512,0.532","0.563,0.617",-0.068,K562,TIA1,MXE
35,3996,ENSG00000090621.13,PABPC4,chr1,-,39565105,39565378,39567750,39567846,39564685,39564773,39568801,39568939,3996,"1127,1087","724,723","1519,1221","1061,831",195,198,0.627166659901,1.0,"0.612,0.604","0.592,0.599",0.013,K562,ZC3H8,MXE
36,3997,ENSG00000090621.13,PABPC4,chr1,-,39567750,39567846,39568801,39568939,39565105,39565378,39569594,39569689,3997,"1276,1154","1041,972","1642,1364","1406,1038",198,195,0.816326094525,1.0,"0.547,0.539","0.535,0.564",-0.006,K562,ZC3H8,MXE
37,1966,ENSG00000090621.13,PABPC4,chr1,-,39565105,39565378,39567750,39567846,39564685,39564773,39568801,39568939,1966,"468,524","291,167","346,268","333,239",195,198,0.000133013731383,0.0064410183937308,"0.62,0.761","0.513,0.532",0.168,K562,RBFOX2,MXE
38,2367,ENSG00000090621.13,PABPC4,chr1,-,39565105,39565378,39567750,39567846,39564685,39564773,39568801,39568939,2367,"2019,1898","239,249","1894,1331","193,165",195,198,0.38657103069,0.8712999936427399,"0.896,0.886","0.909,0.891",-0.009,K562,BOP1,MXE
39,2369,ENSG00000090621.13,PABPC4,chr1,-,39565105,39565378,39567750,39567846,39564685,39564773,39568801,39568939,2369,"648,533","744,611","637,455","547,452",195,198,0.0592944729324,0.5352209967808806,"0.469,0.47","0.542,0.505",-0.054,K562,EIF2S1,MXE
40,2379,ENSG00000090621.13,PABPC4,chr1,-,39562072,39562203,39562322,39562416,39561684,39561787,39563613,39563741,2379,"158,164","332,313","148,139","436,314",193,198,0.0635874927536,0.5039149300322917,"0.328,0.35","0.258,0.312",0.054,K562,UTP3,MXE
41,2380,ENSG00000090621.13,PABPC4,chr1,-,39562072,39562203,39562322,39562380,39561686,39561787,39563613,39563741,2380,"0,1","332,313","0,0","436,314",157,198,1.0,1.0,"0.0,0.004","0.0,0.0",0.002,K562,UTP3,MXE
42,5380,ENSG00000090621.13,PABPC4,chr1,-,39565105,39565378,39567750,39567846,39564384,39564542,39568801,39568856,5380,"2239,1355","79,30","1349,2735","5,46",195,198,3.54425740723e-06,0.0001657785699629,"0.966,0.979","0.996,0.984",-0.018,K562,PUF60,MXE
43,5381,ENSG00000090621.13,PABPC4,chr1,-,39565105,39565378,39567750,39567846,39564685,39564773,39568801,39568939,5381,"2243,1357","1383,646","1351,2735","779,1728",195,198,0.334714980607,0.7083496715410587,"0.622,0.681","0.638,0.616",0.024,K562,PUF60,MXE
44,5382,ENSG00000090621.13,PABPC4,chr1,-,39567750,39567846,39568801,39568939,39565105,39565378,39569594,39569689,5382,"3002,1949","1806,1090","1462,3258","1161,2252",198,195,0.0223663911859,0.1561518566074674,"0.621,0.638","0.554,0.588",0.058,K562,PUF60,MXE
45,3163,ENSG00000090621.13,PABPC4,chr1,-,39567750,39567846,39568801,39568939,39565105,39565378,39569594,39569689,3163,"791,824","743,678","1664,1040","1242,755",198,195,0.109724303811,0.4266419219997964,"0.512,0.545","0.569,0.576",-0.044,K562,RBM15,MXE
46,2027,ENSG00000090621.13,PABPC4,chr1,-,39565105,39565378,39567750,39567846,39564685,39564773,39568801,39568939,2027,"532,304","187,331","346,268","333,239",195,198,0.191663250261,0.701444263643171,"0.743,0.483","0.513,0.532",0.091,K562,ADAR,MXE
47,3718,ENSG00000090621.13,PABPC4,chr1,-,39567750,39567846,39569594,39569689,39565105,39565378,39569862,39570002,3718,"708,544","629,498","641,668","689,681",194,195,0.193714061956,0.6232642066395179,"0.531,0.523","0.483,0.496",0.038,K562,MAGOH,MXE
48,2603,ENSG00000090621.13,PABPC4,chr1,-,39561684,39561787,39562072,39562203,39560815,39561122,39562322,39562416,2603,"167,323","368,1009","217,229","636,713",198,198,0.365328242876,0.8296596523260653,"0.312,0.242","0.254,0.243",0.029,K562,FUBP1,MXE
49,2604,ENSG00000090621.13,PABPC4,chr1,-,39561727,39561787,39562072,39562203,39560815,39561122,39562322,39562416,2604,"167,323","3,10","217,229","5,8",198,159,0.848341479671,1.0,"0.978,0.963","0.972,0.958",0.005,K562,FUBP1,MXE
50,2605,ENSG00000090621.13,PABPC4,chr1,-,39562072,39562203,39562322,39562416,39561684,39561787,39563613,39563741,2605,"24,23","281,674","22,11","320,465",193,198,0.454754351513,0.8911777746566314,"0.081,0.034","0.066,0.024",0.013,K562,FUBP1,MXE
51,2606,ENSG00000090621.13,PABPC4,chr1,-,39562072,39562203,39562322,39562380,39561686,39561787,39563613,39563741,2606,"0,0","281,674","1,0","320,465",157,198,1.0,1.0,"0.0,0.0","0.004,0.0",-0.002,K562,FUBP1,MXE
52,2559,ENSG00000090621.13,PABPC4,chr1,-,39565105,39565378,39567750,39567846,39564685,39564773,39568801,39568939,2559,"2028,2026","145,126","1851,2076","161,194",195,198,0.0209408056224,0.1945300176047993,"0.934,0.942","0.921,0.916",0.019,K562,STIP1,MXE
53,2956,ENSG00000090621.13,PABPC4,chr1,-,39565105,39565378,39567750,39567846,39564384,39564542,39568801,39568856,2956,"859,655","9,12","1683,1462","5,3",195,198,0.461606226749,0.9133331639056672,"0.99,0.982","0.997,0.998",-0.012,K562,BUD13,MXE
54,2957,ENSG00000090621.13,PABPC4,chr1,-,39565105,39565378,39567750,39567846,39564685,39564773,39568801,39568939,2957,"860,657","262,329","1685,1464","373,455",195,198,0.00656953666125,0.1640958198969052,"0.769,0.67","0.821,0.766",-0.074,K562,BUD13,MXE
55,1943,ENSG00000090621.13,PABPC4,chr1,-,39565105,39565378,39567750,39567846,39564685,39564773,39568801,39568939,1943,"753,249","208,243","346,268","333,239",195,198,0.0738530693992,0.2756893331373645,"0.786,0.51","0.513,0.532",0.126,K562,EIF3A,MXE
56,2992,ENSG00000090621.13,PABPC4,chr1,-,39565105,39565378,39567750,39567846,39564685,39564773,39568801,39568939,2992,"823,787","594,607","717,848","566,535",195,198,0.624221599855,0.9958714006402176,"0.585,0.568","0.563,0.617",-0.013,K562,RBM22,MXE
57,2993,ENSG00000090621.13,PABPC4,chr1,-,39567750,39567846,39568801,39568939,39565105,39565378,39569594,39569689,2993,"901,821","582,579","791,813","689,681",198,195,0.0372556275811,0.3189526238112856,"0.604,0.583","0.531,0.54",0.058,K562,RBM22,MXE
58,4591,ENSG00000090621.13,PABPC4,chr1,-,39565105,39565378,39567750,39567846,39564685,39564773,39568801,39568939,4591,"1988,2450","999,1281","1351,2735","779,1728",195,198,0.122496153237,0.5905541175772251,"0.669,0.66","0.638,0.616",0.038,K562,NOL12,MXE
59,4592,ENSG00000090621.13,PABPC4,chr1,-,39567750,39567846,39568801,39568939,39565105,39565378,39569594,39569689,4592,"2811,3262","1538,1985","1462,3258","1161,2252",198,195,0.0187765358655,0.2639631611789477,"0.643,0.618","0.554,0.588",0.06,K562,NOL12,MXE
60,7378,ENSG00000090621.13,PABPC4,chr1,-,39565105,39565378,39567750,39567846,39564685,39564773,39568801,39568939,7378,"862,485","812,503","1519,1221","1061,831",195,198,0.00140922768918,0.0143363528555756,"0.519,0.495","0.592,0.599",-0.088,K562,AQR,MXE
61,2028,ENSG00000090621.13,PABPC4,chr1,-,39565105,39565378,39567750,39567846,39564685,39564773,39568801,39568939,2028,"570,692","322,255","346,268","333,239",195,198,1.18525652792e-06,0.0004699542133202,"0.643,0.734","0.513,0.532",0.166,K562,EIF4G1,MXE
62,3271,ENSG00000090621.13,PABPC4,chr1,-,39565105,39565378,39567750,39567846,39564384,39564542,39568801,39568856,3271,"398,434","14,21","782,718","3,2",195,198,3.22693537447e-08,2.7751644220442e-06,"0.967,0.955","0.996,0.997",-0.035,K562,SF3B4,MXE
63,3272,ENSG00000090621.13,PABPC4,chr1,-,39565105,39565378,39567750,39567846,39564685,39564773,39568801,39568939,3272,"398,434","312,332","782,718","394,481",195,198,0.0197748604462,0.1365868583331763,"0.564,0.57","0.668,0.602",-0.068,K562,SF3B4,MXE
64,2360,ENSG00000090621.13,PABPC4,chr1,-,39565105,39565378,39567750,39567846,39564685,39564773,39568801,39568939,2360,"472,600","259,384","567,417","328,397",195,198,0.189582183485,0.4917479613696682,"0.649,0.613","0.637,0.516",0.054,K562,TRIM56,MXE
65,2361,ENSG00000090621.13,PABPC4,chr1,-,39567750,39567846,39568801,39568939,39565105,39565378,39569594,39569689,2361,"727,897","380,448","1249,1063","644,664",198,195,0.35662470918,0.7051074247448914,"0.653,0.664","0.656,0.612",0.025,K562,TRIM56,MXE
66,3252,ENSG00000090621.13,PABPC4,chr1,-,39565105,39565378,39567750,39567846,39564685,39564773,39568801,39568939,3252,"755,716","663,631","968,1085","680,863",195,198,0.150123269524,0.7542729826399756,"0.536,0.535","0.591,0.561",-0.04,K562,EIF2S2,MXE
67,4034,ENSG00000090621.13,PABPC4,chr1,-,39565105,39565378,39567750,39567846,39564685,39564773,39568801,39568939,4034,"1289,1681","613,955","1351,2735","779,1728",195,198,0.169940604666,0.7910763409585353,"0.681,0.641","0.638,0.616",0.034,K562,APOBEC3C,MXE
68,4035,ENSG00000090621.13,PABPC4,chr1,-,39567750,39567846,39568801,39568939,39565105,39565378,39569594,39569689,4035,"1449,2183","942,1501","1462,3258","1161,2252",198,195,0.350549438623,0.9533708787116846,"0.602,0.589","0.554,0.588",0.024,K562,APOBEC3C,MXE
69,2453,ENSG00000090621.13,PABPC4,chr1,-,39561684,39561787,39562072,39562203,39560815,39561122,39562322,39562416,2453,"286,222","905,749","217,229","636,713",198,198,0.542984937652,1.0,"0.24,0.229","0.254,0.243",-0.014,K562,XPO1,MXE
70,2454,ENSG00000090621.13,PABPC4,chr1,-,39561727,39561787,39562072,39562203,39560815,39561122,39562322,39562416,2454,"286,222","8,8","217,229","5,8",198,159,0.791276677056,1.0,"0.966,0.957","0.972,0.958",-0.003,K562,XPO1,MXE
71,4601,ENSG00000090621.13,PABPC4,chr1,-,39562072,39562203,39562322,39562416,39561684,39561787,39563613,39563741,4601,"606,401","1528,991","247,621","859,1750",193,198,0.0616500816578,0.6060538537614495,"0.289,0.293","0.228,0.267",0.043,K562,CCAR2,MXE
72,4602,ENSG00000090621.13,PABPC4,chr1,-,39562072,39562203,39562322,39562380,39561686,39561787,39563613,39563741,4602,"2,0","1528,991","0,0","859,1750",157,198,1.0,1.0,"0.002,0.0","0.0,0.0",0.001,K562,CCAR2,MXE
73,4603,ENSG00000090621.13,PABPC4,chr1,-,39565105,39565378,39567750,39567846,39564685,39564773,39568801,39568939,4603,"2397,1445","1493,857","1351,2735","779,1728",195,198,0.961171107633,1.0,"0.62,0.631","0.638,0.616",-0.002,K562,CCAR2,MXE
74,4604,ENSG00000090621.13,PABPC4,chr1,-,39567750,39567846,39568801,39568939,39565105,39565378,39569594,39569689,4604,"3211,2026","2161,1185","1462,3258","1161,2252",198,195,0.124753561945,0.7302474056497024,"0.594,0.627","0.554,0.588",0.04,K562,CCAR2,MXE
75,2798,ENSG00000090621.13,PABPC4,chr1,-,39565105,39565378,39567750,39567846,39564685,39564773,39568801,39568939,2798,"894,797","319,309","1685,1464","373,455",195,198,0.00315070827761,0.0972148557245512,"0.74,0.724","0.821,0.766",-0.061,K562,FIP1L1,MXE
76,2025,ENSG00000090621.13,PABPC4,chr1,-,39565105,39565378,39567750,39567846,39564685,39564773,39568801,39568939,2025,"463,484","327,189","346,268","333,239",195,198,0.00200723139245,0.0875545606293679,"0.59,0.722","0.513,0.532",0.133,K562,SLBP,MXE
77,1997,ENSG00000090621.13,PABPC4,chr1,-,39565105,39565378,39567750,39567846,39564685,39564773,39568801,39568939,1997,"528,421","183,380","346,268","333,239",195,198,0.0567764732958,0.5050064875357512,"0.746,0.529","0.513,0.532",0.115,K562,DDX1,MXE
78,1946,ENSG00000090621.13,PABPC4,chr1,-,39565105,39565378,39567750,39567846,39564685,39564773,39568801,39568939,1946,"588,390","189,265","346,268","333,239",195,198,0.00104960905262,0.0345326717073931,"0.76,0.599","0.513,0.532",0.157,K562,PARN,MXE
79,2898,ENSG00000090621.13,PABPC4,chr1,-,39565105,39565378,39567750,39567846,39564685,39564773,39568801,39568939,2898,"863,831","971,875","637,455","547,452",195,198,0.144346030175,0.5143818078145014,"0.474,0.491","0.542,0.505",-0.041,K562,FXR1,MXE
80,2354,ENSG00000090621.13,PABPC4,chr1,-,39565105,39565378,39567750,39567846,39564685,39564773,39568801,39568939,2354,"639,683","689,620","565,658","535,746",195,198,0.673444953034,1.0,"0.485,0.528","0.517,0.472",0.012,K562,NONO,MXE
81,3979,ENSG00000090621.13,PABPC4,chr1,-,39562072,39562203,39563613,39563741,39561684,39561787,39564470,39564542,3979,"25,17","688,574","7,2","436,372",198,198,0.000669539942065,0.0123206105001679,"0.035,0.029","0.016,0.005",0.021,K562,TARDBP,MXE
82,3980,ENSG00000090621.13,PABPC4,chr1,-,39565105,39565378,39567750,39567846,39564384,39564542,39568801,39568856,3980,"930,1066","18,15","717,848","6,0",195,198,0.0607622743218,0.2808624409433236,"0.981,0.986","0.992,1.0",-0.012,K562,TARDBP,MXE
83,3981,ENSG00000090621.13,PABPC4,chr1,-,39565105,39565378,39567750,39567846,39564685,39564773,39568801,39568939,3981,"931,1066","955,1027","717,848","566,535",195,198,0.00220504694983,0.0309449467813815,"0.497,0.513","0.563,0.617",-0.085,K562,TARDBP,MXE
84,3982,ENSG00000090621.13,PABPC4,chr1,-,39567750,39567846,39568801,39568939,39565105,39565378,39569594,39569689,3982,"1043,1081","805,819","791,813","689,681",198,195,0.322507569632,0.7096633733598964,"0.561,0.565","0.531,0.54",0.027,K562,TARDBP,MXE
85,4715,ENSG00000090621.13,PABPC4,chr1,-,39565105,39565378,39567750,39567846,39564685,39564773,39568801,39568939,4715,"1566,3120","1071,1919","1351,2735","779,1728",195,198,0.524599232278,0.9683382111188416,"0.598,0.623","0.638,0.616",-0.016,K562,UBE2L3,MXE
86,4716,ENSG00000090621.13,PABPC4,chr1,-,39567750,39567846,39568801,39568939,39565105,39565378,39569594,39569689,4716,"1931,3939","1397,2606","1462,3258","1161,2252",198,195,0.524521533036,0.9683382111188416,"0.577,0.598","0.554,0.588",0.016,K562,UBE2L3,MXE
87,3098,ENSG00000090621.13,PABPC4,chr1,-,39565105,39565378,39567750,39567846,39564685,39564773,39568801,39568939,3098,"1408,1202","748,572","929,1210","498,577",195,198,0.981739570812,1.0,"0.657,0.681","0.654,0.68",0.002,K562,UPF1,MXE
88,4024,ENSG00000090621.13,PABPC4,chr1,-,39565105,39565378,39567750,39567846,39564685,39564773,39568801,39568939,4024,"1058,1372","598,820","1351,2735","779,1728",195,198,0.720645759635,1.0,"0.642,0.629","0.638,0.616",0.008,K562,SUCLG1,MXE
89,4025,ENSG00000090621.13,PABPC4,chr1,-,39567750,39567846,39568801,39568939,39565105,39565378,39569594,39569689,4025,"1391,1772","957,1234","1462,3258","1161,2252",198,195,0.540947533191,0.9931216148531125,"0.589,0.586","0.554,0.588",0.016,K562,SUCLG1,MXE
90,2101,ENSG00000090621.13,PABPC4,chr1,-,39565105,39565378,39567750,39567846,39564685,39564773,39568801,39568939,2101,"640,599","250,248","346,268","333,239",195,198,4.52166082354e-11,4.667484385099165e-08,"0.722,0.71","0.513,0.532",0.194,K562,DNAJC21,MXE
91,3646,ENSG00000090621.13,PABPC4,chr1,-,39565105,39565378,39567750,39567846,39564685,39564773,39568801,39568939,3646,"690,750","496,505","1351,2735","779,1728",195,198,0.212285462204,0.7823706852673694,"0.585,0.601","0.638,0.616",-0.034,K562,TUFM,MXE
92,3647,ENSG00000090621.13,PABPC4,chr1,-,39567750,39567846,39568801,39568939,39565105,39565378,39569594,39569689,3647,"925,980","547,603","1462,3258","1161,2252",198,195,0.0634144819654,0.5209877582193372,"0.625,0.615","0.554,0.588",0.049,K562,TUFM,MXE
93,2731,ENSG00000090621.13,PABPC4,chr1,-,39561684,39561787,39562072,39562203,39560815,39561122,39562322,39562416,2731,"409,331","1116,888","217,229","636,713",198,198,0.361886281367,0.8260110129961677,"0.268,0.272","0.254,0.243",0.022,K562,XRN1,MXE
94,2732,ENSG00000090621.13,PABPC4,chr1,-,39561727,39561787,39562072,39562203,39560815,39561122,39562322,39562416,2732,"409,331","5,9","217,229","5,8",198,159,0.342152447037,0.8072629857301556,"0.985,0.967","0.972,0.958",0.011,K562,XRN1,MXE
95,2733,ENSG00000090621.13,PABPC4,chr1,-,39562072,39562203,39562322,39562416,39561684,39561787,39563613,39563741,2733,"54,47","780,649","22,11","320,465",193,198,0.0152285497277,0.1717410893004402,"0.066,0.069","0.066,0.024",0.023,K562,XRN1,MXE
96,2734,ENSG00000090621.13,PABPC4,chr1,-,39562072,39562203,39562322,39562380,39561686,39561787,39563613,39563741,2734,"0,0","780,649","1,0","320,465",157,198,1.0,1.0,"0.0,0.0","0.004,0.0",-0.002,K562,XRN1,MXE
97,2735,ENSG00000090621.13,PABPC4,chr1,-,39565105,39565378,39567750,39567846,39564685,39564773,39568801,39568939,2735,"1027,809","893,661","756,835","455,538",195,198,0.00749199220013,0.1160691215853473,"0.539,0.554","0.628,0.612",-0.074,K562,XRN1,MXE
98,2736,ENSG00000090621.13,PABPC4,chr1,-,39567750,39567846,39568801,39568939,39565105,39565378,39569594,39569689,2736,"1073,736","902,683","741,848","635,729",198,195,0.811828166263,1.0,"0.54,0.515","0.535,0.534",-0.007,K562,XRN1,MXE
99,3318,ENSG00000090621.13,PABPC4,chr1,-,39565105,39565378,39567750,39567846,39564685,39564773,39568801,39568939,3318,"2247,2734","697,715","1685,1464","373,455",195,198,0.473189193916,0.9972478718479906,"0.766,0.795","0.821,0.766",-0.013,K562,ABCF1,MXE
100,2120,ENSG00000090621.13,PABPC4,chr1,-,39565105,39565378,39567750,39567846,39564685,39564773,39568801,39568939,2120,"406,624","307,370","346,268","333,239",195,198,0.00829377197508,0.2548758125134327,"0.573,0.631","0.513,0.532",0.08,K562,YBX3,MXE
101,2891,ENSG00000090621.13,PABPC4,chr1,-,39567750,39567846,39568801,39568939,39565105,39565378,39569594,39569689,2891,"1102,1368","846,1116","1664,1040","1242,755",198,195,0.507454209163,1.0,"0.562,0.547","0.569,0.576",-0.018,K562,CCDC124,MXE
102,4226,ENSG00000090621.13,PABPC4,chr1,-,39563613,39563741,39563835,39563922,39562072,39562203,39564422,39564542,4226,"462,374","126,99","285,624","92,222",186,198,0.0895925116819,0.64025543144123,"0.796,0.801","0.767,0.75",0.04,K562,EIF4G2,MXE
103,4227,ENSG00000090621.13,PABPC4,chr1,-,39563613,39563741,39563835,39563922,39562072,39562203,39564470,39564542,4227,"152,96","52,44","50,128","28,40",186,198,0.944248323811,1.0,"0.757,0.699","0.655,0.773",0.014,K562,EIF4G2,MXE
104,4228,ENSG00000090621.13,PABPC4,chr1,-,39565105,39565378,39567750,39567846,39564685,39564773,39568801,39568939,4228,"2070,1389","1237,898","1351,2735","779,1728",195,198,0.8093998631,1.0,"0.63,0.611","0.638,0.616",-0.006,K562,EIF4G2,MXE
105,4229,ENSG00000090621.13,PABPC4,chr1,-,39567750,39567846,39568801,39568939,39565105,39565378,39569594,39569689,4229,"2743,1875","1816,1199","1462,3258","1161,2252",198,195,0.229886065616,0.8249338149356354,"0.598,0.606","0.554,0.588",0.031,K562,EIF4G2,MXE
106,4230,ENSG00000090621.13,PABPC4,chr1,-,39567750,39567846,39569594,39569689,39565105,39565378,39569862,39570002,4230,"1829,1211","1816,1201","997,2129","1161,2253",194,195,0.303000087923,0.8887714876580112,"0.503,0.503","0.463,0.487",0.028,K562,EIF4G2,MXE
107,2324,ENSG00000090621.13,PABPC4,chr1,-,39562322,39562416,39563613,39563741,39562072,39562203,39564422,39564542,2324,"68,89","200,286","31,23","178,248",198,193,9.81046012649e-07,0.0001368014162082,"0.249,0.233","0.145,0.083",0.127,K562,SERBP1,MXE
108,2543,ENSG00000090621.13,PABPC4,chr1,-,39565105,39565378,39567750,39567846,39564685,39564773,39568801,39568939,2543,"570,628","419,482","800,598","488,548",195,198,0.970978193992,1.0,"0.58,0.57","0.625,0.526",-0.001,K562,NFX1,MXE
109,4260,ENSG00000090621.13,PABPC4,chr1,-,39565105,39565378,39567750,39567846,39564685,39564773,39568801,39568939,4260,"2611,1197","1329,707","1351,2735","779,1728",195,198,0.34558143136,0.8273861073146755,"0.666,0.632","0.638,0.616",0.022,K562,PNPT1,MXE
110,4261,ENSG00000090621.13,PABPC4,chr1,-,39567750,39567846,39568801,39568939,39565105,39565378,39569594,39569689,4261,"3676,1826","2092,1015","1462,3258","1161,2252",198,195,0.00982283098747,0.2194957297839903,"0.634,0.639","0.554,0.588",0.066,K562,PNPT1,MXE
111,2671,ENSG00000090621.13,PABPC4,chr1,-,39565105,39565378,39567750,39567846,39564685,39564773,39568801,39568939,2671,"1768,2158","248,207","1894,1331","193,165",195,198,0.759009017175,1.0,"0.879,0.914","0.909,0.891",-0.003,K562,FMR1,MXE
112,1943,ENSG00000090621.13,PABPC4,chr1,-,39565105,39565378,39567750,39567846,39564685,39564773,39568801,39568939,1943,"478,448","318,254","346,268","333,239",195,198,0.00124547800601,0.0634852556214138,"0.604,0.642","0.513,0.532",0.101,K562,ILF3,MXE
113,2430,ENSG00000090621.13,PABPC4,chr1,-,39561684,39561787,39562072,39562203,39560815,39561122,39562322,39562416,2430,"185,214","603,701","217,229","636,713",198,198,0.540575504279,1.0,"0.235,0.234","0.254,0.243",-0.014,K562,NUP35,MXE
114,2431,ENSG00000090621.13,PABPC4,chr1,-,39561727,39561787,39562072,39562203,39560815,39561122,39562322,39562416,2431,"185,214","4,4","217,229","5,8",198,159,0.347156129937,0.984193215004917,"0.974,0.977","0.972,0.958",0.011,K562,NUP35,MXE
115,2432,ENSG00000090621.13,PABPC4,chr1,-,39562072,39562203,39562322,39562416,39561684,39561787,39563613,39563741,2432,"13,15","374,445","22,11","320,465",193,198,0.438695592846,1.0,"0.034,0.033","0.066,0.024",-0.011,K562,NUP35,MXE
116,2433,ENSG00000090621.13,PABPC4,chr1,-,39562072,39562203,39562322,39562380,39561686,39561787,39563613,39563741,2433,"0,0","374,445","1,0","320,465",157,198,1.0,1.0,"0.0,0.0","0.004,0.0",-0.002,K562,NUP35,MXE
117,2434,ENSG00000090621.13,PABPC4,chr1,-,39565105,39565378,39567750,39567846,39564685,39564773,39568801,39568939,2434,"709,805","434,610","756,835","455,538",195,198,0.424962976505,1.0,"0.624,0.573","0.628,0.612",-0.021,K562,NUP35,MXE
118,3044,ENSG00000090621.13,PABPC4,chr1,-,39567750,39567846,39568801,39568939,39565105,39565378,39569594,39569689,3044,"828,828","696,684","1664,1040","1242,755",198,195,0.265761529772,0.7252058213646834,"0.54,0.544","0.569,0.576",-0.03,K562,AGGF1,MXE
119,2360,ENSG00000090621.13,PABPC4,chr1,-,39565105,39565378,39567750,39567846,39564685,39564773,39568801,39568939,2360,"420,439","511,494","637,455","547,452",195,198,0.0439799595058,0.5162818173205254,"0.455,0.474","0.542,0.505",-0.059,K562,AKAP1,MXE
120,3651,ENSG00000090621.13,PABPC4,chr1,-,39565105,39565378,39567750,39567846,39564685,39564773,39568801,39568939,3651,"894,1196","467,588","929,1210","498,577",195,198,0.98437423894,1.0,"0.66,0.674","0.654,0.68",0.0,K562,SF3A3,MXE
121,3024,ENSG00000090621.13,PABPC4,chr1,-,39565105,39565378,39567750,39567846,39564685,39564773,39568801,39568939,3024,"876,870","593,465","1150,678","752,410",195,198,0.696023692347,1.0,"0.6,0.655","0.608,0.627",0.01,K562,DKC1,MXE
122,1970,ENSG00000090621.13,PABPC4,chr1,-,39565105,39565378,39567750,39567846,39564685,39564773,39568801,39568939,1970,"481,431","241,232","346,268","333,239",195,198,6.17286905236e-06,0.0023895176101685,"0.67,0.654","0.513,0.532",0.14,K562,KHDRBS1,MXE
123,2942,ENSG00000090621.13,PABPC4,chr1,-,39565105,39565378,39567750,39567846,39564685,39564773,39568801,39568939,2942,"1089,1067","515,518","929,1210","498,577",195,198,0.645540907753,1.0,"0.682,0.677","0.654,0.68",0.012,K562,NUFIP2,MXE
124,4316,ENSG00000090621.13,PABPC4,chr1,-,39565105,39565378,39567750,39567846,39564685,39564773,39568801,39568939,4316,"1661,1689","1038,1055","1351,2735","779,1728",195,198,0.765767494307,1.0,"0.619,0.619","0.638,0.616",-0.008,K562,PUM2,MXE
125,4317,ENSG00000090621.13,PABPC4,chr1,-,39567750,39567846,39568801,39568939,39565105,39565378,39569594,39569689,4317,"2477,2291","1589,1510","1462,3258","1161,2252",198,195,0.225421822572,0.7110964878695752,"0.606,0.599","0.554,0.588",0.032,K562,PUM2,MXE
126,4318,ENSG00000090621.13,PABPC4,chr1,-,39567750,39567846,39569594,39569689,39565105,39565378,39569862,39570002,4318,"1489,1410","1589,1510","997,2129","1161,2253",194,195,0.740199075369,1.0,"0.485,0.484","0.463,0.487",0.01,K562,PUM2,MXE
127,3149,ENSG00000090621.13,PABPC4,chr1,-,39565105,39565378,39567750,39567846,39564384,39564542,39568801,39568856,3149,"1085,906","6,6","929,1208","8,13",195,198,1.0,1.0,"0.995,0.994","0.992,0.99",0.003,K562,SRPK2,MXE
128,3150,ENSG00000090621.13,PABPC4,chr1,-,39565105,39565378,39567750,39567846,39564685,39564773,39568801,39568939,3150,"1085,906","569,546","929,1210","498,577",195,198,0.347846354824,0.9481181772537433,"0.659,0.628","0.654,0.68",-0.024,K562,SRPK2,MXE
129,2404,ENSG00000090621.13,PABPC4,chr1,-,39565105,39565378,39567750,39567846,39564685,39564773,39568801,39568939,2404,"435,432","500,406","800,598","488,548",195,198,0.0227199008199,0.4225836412326477,"0.469,0.519","0.625,0.526",-0.082,K562,HLTF,MXE
130,4257,ENSG00000090621.13,PABPC4,chr1,-,39565105,39565378,39567750,39567846,39564685,39564773,39568801,39568939,4257,"1014,788","961,606","968,1085","680,863",195,198,0.223988754563,0.8074159898047772,"0.517,0.569","0.591,0.561",-0.033,K562,GRSF1,MXE
131,4258,ENSG00000090621.13,PABPC4,chr1,-,39567750,39567846,39568801,39568939,39565105,39565378,39569594,39569689,4258,"1416,1032","928,636","1321,1328","844,946",198,195,0.591922752943,1.0,"0.6,0.615","0.607,0.58",0.014,K562,GRSF1,MXE
132,3924,ENSG00000090621.13,PABPC4,chr1,-,39563835,39563922,39564422,39564542,39563613,39563741,39564685,39564773,3924,"1030,1200","228,274","470,611","87,132",198,186,0.396929802893,0.9795977029708984,"0.809,0.804","0.835,0.813",-0.017,K562,RBM17,MXE
133,3925,ENSG00000090621.13,PABPC4,chr1,-,39563835,39563922,39564470,39564542,39563613,39563741,39564685,39564773,3925,"724,868","228,274","319,427","87,132",171,186,0.559985379985,1.0,"0.775,0.775","0.8,0.779",-0.015,K562,RBM17,MXE
134,3926,ENSG00000090621.13,PABPC4,chr1,-,39565105,39565378,39567750,39567846,39564685,39564773,39568801,39568939,3926,"1977,2066","1524,1653","968,1085","680,863",195,198,0.655998610776,1.0,"0.568,0.559","0.591,0.561",-0.013,K562,RBM17,MXE
135,3324,ENSG00000090621.13,PABPC4,chr1,-,39567750,39567846,39569594,39569689,39565105,39565378,39569862,39570002,3324,"418,299","414,376","462,499","427,526",194,195,0.337067917449,0.736829657284097,"0.504,0.444","0.521,0.488",-0.03,K562,EFTUD2,MXE
136,3644,ENSG00000090621.13,PABPC4,chr1,-,39565105,39565378,39567750,39567846,39564685,39564773,39568801,39568939,3644,"682,873","351,600","1150,678","752,410",195,198,0.665791830695,0.9546693818555292,"0.664,0.596","0.608,0.627",0.013,K562,PUS1,MXE
137,3645,ENSG00000090621.13,PABPC4,chr1,-,39567750,39567846,39568801,39568939,39565105,39565378,39569594,39569689,3645,"842,1166","644,1105","1664,1040","1242,755",198,195,0.174616700549,0.4930901167684049,"0.563,0.51","0.569,0.576",-0.036,K562,PUS1,MXE
138,4357,ENSG00000090621.13,PABPC4,chr1,-,39565105,39565378,39567750,39567846,39564685,39564773,39568801,39568939,4357,"1371,1958","945,1124","1351,2735","779,1728",195,198,0.728932590603,1.0,"0.596,0.639","0.638,0.616",-0.01,K562,MSI2,MXE
139,4358,ENSG00000090621.13,PABPC4,chr1,-,39567750,39567846,39568801,39568939,39565105,39565378,39569594,39569689,4358,"1728,2587","1258,1640","1462,3258","1161,2252",198,195,0.420693780177,1.0,"0.575,0.608","0.554,0.588",0.02,K562,MSI2,MXE
140,3075,ENSG00000090621.13,PABPC4,chr1,-,39565105,39565378,39567750,39567846,39564685,39564773,39568801,39568939,3075,"574,815","349,355","929,1210","498,577",195,198,0.90286340927,1.0,"0.625,0.7","0.654,0.68",-0.005,K562,MTPAP,MXE
141,2837,ENSG00000090621.13,PABPC4,chr1,-,39565105,39565378,39567750,39567846,39564685,39564773,39568801,39568939,2837,"3006,1445","346,239","1851,2076","161,194",195,198,0.000757519438756,0.0124675074295258,"0.898,0.86","0.921,0.916",-0.04,K562,PABPC1,MXE
142,1913,ENSG00000090621.13,PABPC4,chr1,-,39565105,39565378,39567750,39567846,39564685,39564773,39568801,39568939,1913,"417,383","219,150","346,268","333,239",195,198,7.11342172943e-08,1.4582514545331498e-05,"0.659,0.722","0.513,0.532",0.168,K562,CCAR1,MXE
143,3100,ENSG00000090621.13,PABPC4,chr1,-,39565105,39565378,39567750,39567846,39564685,39564773,39568801,39568939,3100,"573,652","463,451","1150,678","752,410",195,198,0.142892645305,0.5463950668811235,"0.557,0.595","0.608,0.627",-0.041,K562,AKAP8L,MXE
144,3101,ENSG00000090621.13,PABPC4,chr1,-,39567750,39567846,39568801,39568939,39565105,39565378,39569594,39569689,3101,"737,909","690,630","1664,1040","1242,755",198,195,0.456874649256,0.891011581852018,"0.513,0.587","0.569,0.576",-0.022,K562,AKAP8L,MXE
145,3156,ENSG00000090621.13,PABPC4,chr1,-,39565105,39565378,39567750,39567846,39564685,39564773,39568801,39568939,3156,"471,503","322,397","717,848","566,535",195,198,0.72455844449,1.0,"0.598,0.563","0.563,0.617",-0.009,K562,PCBP2,MXE
146,2899,ENSG00000090621.13,PABPC4,chr1,-,39565105,39565378,39567750,39567846,39564685,39564773,39568801,39568939,2899,"649,778","388,449","929,1210","498,577",195,198,0.192906441891,0.7912996695846716,"0.629,0.638","0.654,0.68",-0.034,K562,WDR3,MXE
147,2099,ENSG00000090621.13,PABPC4,chr1,-,39565105,39565378,39567750,39567846,39564685,39564773,39568801,39568939,2099,"775,512","465,296","806,539","440,280",195,198,0.403757062657,0.9491734899029136,"0.629,0.637","0.65,0.662",-0.023,K562,FUS,MXE
148,2029,ENSG00000090621.13,PABPC4,chr1,-,39565105,39565378,39567750,39567846,39564685,39564773,39568801,39568939,2029,"547,704","219,273","346,268","333,239",195,198,1.55016000036e-11,8.835912002052e-09,"0.717,0.724","0.513,0.532",0.198,K562,DHX30,MXE
149,4554,ENSG00000090621.13,PABPC4,chr1,-,39565105,39565378,39567750,39567846,39564685,39564773,39568801,39568939,4554,"2173,2480","1003,1449","1351,2735","779,1728",195,198,0.158734376046,0.5620535383710474,"0.687,0.635","0.638,0.616",0.034,K562,PUM1,MXE
150,4555,ENSG00000090621.13,PABPC4,chr1,-,39567750,39567846,39568801,39568939,39565105,39565378,39569594,39569689,4555,"2994,3538","1698,1963","1462,3258","1161,2252",198,195,0.00861549752764,0.1352007530508527,"0.635,0.64","0.554,0.588",0.067,K562,PUM1,MXE
151,2353,ENSG00000090621.13,PABPC4,chr1,-,39565105,39565378,39567750,39567846,39564685,39564773,39568801,39568939,2353,"333,497","509,523","637,455","547,452",195,198,0.0242839425736,0.2661837420533936,"0.399,0.491","0.542,0.505",-0.079,K562,EIF4B,MXE
152,3281,ENSG00000090621.13,PABPC4,chr1,-,39565105,39565378,39567750,39567846,39564685,39564773,39568801,39568939,3281,"1098,948","442,455","929,1210","498,577",195,198,0.223227031932,0.8100797746612185,"0.716,0.679","0.654,0.68",0.03,K562,WDR43,MXE
153,2213,ENSG00000090621.13,PABPC4,chr1,-,39565105,39565378,39567750,39567846,39564685,39564773,39568801,39568939,2213,"622,709","417,212","346,268","333,239",195,198,0.000835343777923,0.0331550163184482,"0.602,0.773","0.513,0.532",0.165,K562,DNAJC2,MXE
154,2950,ENSG00000090621.13,PABPC4,chr1,-,39561684,39561787,39562072,39562203,39560815,39561122,39562322,39562416,2950,"174,229","659,881","217,229","636,713",198,198,0.0656494617118,0.4328683713265802,"0.209,0.206","0.254,0.243",-0.041,K562,PRPF4,MXE
155,2951,ENSG00000090621.13,PABPC4,chr1,-,39561727,39561787,39562072,39562203,39560815,39561122,39562322,39562416,2951,"174,229","3,5","217,229","5,8",198,159,0.334977420832,0.8689526596552523,"0.979,0.974","0.972,0.958",0.011,K562,PRPF4,MXE
156,2952,ENSG00000090621.13,PABPC4,chr1,-,39562072,39562203,39562322,39562416,39561684,39561787,39563613,39563741,2952,"26,17","350,438","22,11","320,465",193,198,0.307403105485,0.8452278414844792,"0.071,0.038","0.066,0.024",0.009,K562,PRPF4,MXE
157,2953,ENSG00000090621.13,PABPC4,chr1,-,39562072,39562203,39562322,39562380,39561686,39561787,39563613,39563741,2953,"0,0","350,438","1,0","320,465",157,198,1.0,1.0,"0.0,0.0","0.004,0.0",-0.002,K562,PRPF4,MXE
158,2954,ENSG00000090621.13,PABPC4,chr1,-,39565105,39565378,39567750,39567846,39564685,39564773,39568801,39568939,2954,"728,1062","406,482","756,835","455,538",195,198,0.0603300710014,0.4150580523043125,"0.645,0.691","0.628,0.612",0.048,K562,PRPF4,MXE
159,2565,ENSG00000090621.13,PABPC4,chr1,-,39561684,39561787,39562072,39562203,39560815,39561122,39562322,39562416,2565,"257,239","845,592","217,229","636,713",198,198,0.673260156826,1.0,"0.233,0.288","0.254,0.243",0.012,K562,ABT1,MXE
160,2566,ENSG00000090621.13,PABPC4,chr1,-,39561727,39561787,39562072,39562203,39560815,39561122,39562322,39562416,2566,"257,239","12,5","217,229","5,8",198,159,0.64728315673,1.0,"0.945,0.975","0.972,0.958",-0.005,K562,ABT1,MXE
161,2567,ENSG00000090621.13,PABPC4,chr1,-,39562072,39562203,39562322,39562416,39561684,39561787,39563613,39563741,2567,"28,32","581,402","22,11","320,465",193,198,0.105596000678,0.6607536933692613,"0.047,0.075","0.066,0.024",0.016,K562,ABT1,MXE
162,2568,ENSG00000090621.13,PABPC4,chr1,-,39562072,39562203,39562322,39562380,39561686,39561787,39563613,39563741,2568,"0,0","581,402","1,0","320,465",157,198,1.0,1.0,"0.0,0.0","0.004,0.0",-0.002,K562,ABT1,MXE
163,2477,ENSG00000090621.13,PABPC4,chr1,-,39565105,39565378,39567750,39567846,39564685,39564773,39568801,39568939,2477,"1412,1379","200,197","1894,1331","193,165",195,198,0.0589648059464,0.3894284972577966,"0.878,0.877","0.909,0.891",-0.023,K562,GPKOW,MXE
164,2361,ENSG00000090621.13,PABPC4,chr1,-,39567750,39567846,39569594,39569689,39565105,39565378,39569862,39570002,2361,"464,316","521,401","462,499","427,526",194,195,0.123629050446,0.5047881505470221,"0.472,0.442","0.521,0.488",-0.047,K562,TFIP11,MXE
165,4086,ENSG00000090621.13,PABPC4,chr1,-,39565105,39565378,39567750,39567846,39564685,39564773,39568801,39568939,4086,"1199,1435","818,909","1519,1221","1061,831",195,198,0.659861549348,1.0,"0.598,0.616","0.592,0.599",0.012,K562,WRN,MXE
166,2546,ENSG00000090621.13,PABPC4,chr1,-,39565105,39565378,39567750,39567846,39564685,39564773,39568801,39568939,2546,"639,687","642,635","800,598","488,548",195,198,0.0756246183999,0.6446537592869525,"0.503,0.523","0.625,0.526",-0.062,K562,CSTF2T,MXE
167,2386,ENSG00000090621.13,PABPC4,chr1,-,39567750,39567846,39569594,39569689,39565105,39565378,39569862,39570002,2386,"430,395","380,367","573,476","512,392",194,195,0.662358457722,1.0,"0.532,0.52","0.529,0.55",-0.014,K562,ASCC1,MXE
168,2024,ENSG00000090621.13,PABPC4,chr1,-,39565105,39565378,39567750,39567846,39564685,39564773,39568801,39568939,2024,"363,567","342,233","346,268","333,239",195,198,0.0965308761661,0.5575946569883092,"0.519,0.712","0.513,0.532",0.093,K562,CPSF7,MXE
169,3143,ENSG00000090621.13,PABPC4,chr1,-,39565105,39565378,39567750,39567846,39564685,39564773,39568801,39568939,3143,"857,725","478,419","929,1210","498,577",195,198,0.310626541522,0.9596478064992324,"0.645,0.637","0.654,0.68",-0.026,K562,NSUN2,MXE
170,2991,ENSG00000090621.13,PABPC4,chr1,-,39565105,39565378,39567750,39567846,39564685,39564773,39568801,39568939,2991,"906,806","467,405","1150,678","752,410",195,198,0.0629995385454,0.6456976873573097,"0.663,0.669","0.608,0.627",0.049,K562,DDX19B,MXE
171,2918,ENSG00000090621.13,PABPC4,chr1,-,39565105,39565378,39567750,39567846,39564384,39564542,39568801,39568856,2918,"633,596","10,16","562,657","10,7",195,198,0.186403314053,0.5015404466597566,"0.985,0.974","0.983,0.99",-0.007,K562,SUPV3L1,MXE
172,2919,ENSG00000090621.13,PABPC4,chr1,-,39565105,39565378,39567750,39567846,39564685,39564773,39568801,39568939,2919,"637,608","634,569","565,658","535,746",195,198,0.525811663316,0.8646779697122396,"0.505,0.52","0.517,0.472",0.018,K562,SUPV3L1,MXE
173,2920,ENSG00000090621.13,PABPC4,chr1,-,39567750,39567846,39569594,39569689,39565105,39565378,39569862,39570002,2920,"483,401","591,518","462,499","427,526",194,195,0.0435906818748,0.211416401484948,"0.451,0.438","0.521,0.488",-0.06,K562,SUPV3L1,MXE
174,4143,ENSG00000090621.13,PABPC4,chr1,-,39565105,39565378,39567750,39567846,39564685,39564773,39568801,39568939,4143,"1414,1340","1002,1024","1519,1221","1061,831",195,198,0.551859672169,1.0,"0.589,0.571","0.592,0.599",-0.015,K562,AUH,MXE
175,4144,ENSG00000090621.13,PABPC4,chr1,-,39567750,39567846,39568801,39568939,39565105,39565378,39569594,39569689,4144,"1668,1428","1284,1101","1642,1364","1406,1038",198,195,0.659165878427,1.0,"0.561,0.561","0.535,0.564",0.012,K562,AUH,MXE
